,Tweet content,date,symbol,increase
0,"PACCAR's PT raised by Goldman Sachs to $64.00. https://t.co/iCXU7IO5vk $PCAR #PCARPACCAR's PT raised by Goldman Sachs to $64.00. https://t.co/62IDcDLKo0 $PCAR #PCAR#PACCAR Paccar earmarks $945M for European antitrust inquiry. Read more: https://t.co/5F1m1V9AA9 $PCARPCAR Exchange
See Here ---&gt; https://t.co/xMDghtOqUd

$PCAR $SNY $MOBL #nasdaqPACCAR Inc $PCAR Shares Bought by Sippican Capital Advisors https://t.co/8CA2NA8CYXPCAR 1,474,076 Stock Charts $PCAR Paccar Inc. (NASDAQ) Last Updated: 03/28/2016 04:57:29 PCAR Stock Chart - 1  https://t.co/sj6MFzu9AYVPG Investor Opinions
See Here ---&gt; https://t.co/pIvSr1I4Fk

$VPG $PNFP $PCAR #stockEDGW Financials
See Here ---&gt; https://t.co/jWG5ay1Ulj

$EDGW $PCAR $PSX #stockmarket$PCAR:

Shares of PACCAR (NASDAQ:PCAR) Sees Large Inflow of Net ‚Ä¶:

https://t.co/JEXj0jjhzk$PCAR:

PACCAR (PCAR) Short Interest Disclosure:

https://t.co/jAzelLhsJc",2016-03-28,PCAR,1
1,"$PCAR:

PACCAR Inc. (NASDAQ:PCAR): Analysts Take on Earnings:

https://t.co/9HN6rBSn4x$PCAR:US BHF Kleinwort Benson Group S.A. Purchases Shares of 983,150 PACCAR Inc (PCAR) #PACCAR INC  https://t.co/M9PzAIRPMq #NASDAQOur Picks Are Seeing Incredible Gains! Get Exclusive Early Access To Our New Alerts: https://t.co/dWbN7JMySK $PCAR $CTAS $S $ODFLThree Penny Stock Picks More Than QUADRUPLED In Value! More Big Things On The Way: https://t.co/fctN9sytfZ $PCAR $CTAS $S $ODFLOver 1,466% Gains On Our Top Stock Picks Lately! See Our Big New Pick Early: https://t.co/4FeNl8zbvO $PCAR $CTAS $S $ODFLOur Picks Are Seeing Incredible Gains! Get Exclusive Early Access To Our New Alerts: https://t.co/dWbN7JMySK $ALXN $PCAR $REGNRVP Day Low
See Here ---&gt; https://t.co/H56TvFPIwF

$RVP $PCAR $IVTY #stocksRAI EOD Data
See Here ---&gt; https://t.co/hySaeQWueH

$RAI $PCAR $WPRT #investingPACCAR Inc $PCAR Shares Bought by Vanguard Group Inc. https://t.co/uhHhakSqSXPACCAR Inc $PCAR Shares Bought by Vanguard Group Inc. https://t.co/172DhakQsEPACCAR Inc $PCAR Shares Bought by Vanguard Group Inc. https://t.co/A5rx8v2j7TThree Penny Stock Picks More Than QUADRUPLED In Value! More Big Things On The Way: https://t.co/fctN9sytfZ $ALXN $PCAR $REGNOver 1,466% Gains On Our Top Stock Picks Lately! See Our Big New Pick Early: https://t.co/4FeNl8zbvO $ALXN $PCAR $REGN$PCAR:US BHF Kleinwort Benson Group S.A. Purchases Shares of 983,150 PACCAR Inc (PCAR) #PACCAR INC  https://t.co/yxNdDwbyqg #NASDAQPACCAR Inc $PCAR Shares Bought by Mizuho Trust &amp; Banking Co. Ltd. https://t.co/uqccA3adjXPACCAR Inc $PCAR Shares Bought by Mizuho Trust &amp; Banking Co. Ltd. https://t.co/E5XYxzO7CxPACCAR Inc $PCAR Shares Bought by Mizuho Trust &amp; Banking Co. Ltd. https://t.co/cG6CHzWQavWant the latest analyst ratings on $DNB $CATM $PCAR $CMI $CVX? Get Them Delivered to Your Inbox https://t.co/nSJuDsYidjPACCAR Inc $PCAR Price Target Raised to $64.00 at Goldman Sachs https://t.co/wDai5VXKkSPACCAR Inc $PCAR Price Target Raised to $64.00 at Goldman Sachs https://t.co/lKE32TP8K7BSAC Prev Close
See Here ---&gt; https://t.co/Whx0MdKgpK

$BSAC $PCAR $SZMK #investingPCAR Stock Forum
See Here ---&gt; https://t.co/ScYlV3dWVu

$PCAR $MTRX $ATVI #nasdaqPACCAR Inc $PCAR Position Increased by Edge Asset Management Inc. https://t.co/7HISTSz6nUBHF Kleinwort Benson Group S.A. Purchases Shares of 983,150 PACCAR Inc $PCAR https://t.co/yDJzh5RJQ3Our Picks Are Seeing Incredible Gains! Get Exclusive Early Access To Our New Alerts: https://t.co/dWbN7JMySK $PCAR $CTAS $S $ODFLThree Penny Stock Picks More Than QUADRUPLED In Value! More Big Things On The Way: https://t.co/fctN9sytfZ $PCAR $CTAS $S $ODFLOver 1,466% Gains On Our Top Stock Picks Lately! See Our Big New Pick Early: https://t.co/4FeNl8zbvO $PCAR $CTAS $S $ODFL",2016-03-29,PCAR,0
2,"Over 1,466% Gains On Our Top Stock Picks Lately! See Our Big New Pick Early: https://t.co/4FeNl8zbvO $ALXN $PCAR $REGNRussell Frank Co Reduces Position in #PACCAR Inc (). Read more: https://t.co/us2qtDZI47 $PCARRussell Frank Co Reduces Position in PACCAR Inc $PCAR https://t.co/ggBLJHb8HW$PCAR:

Analysts give average Rating of ‚ÄúHold‚Äù to PACCAR Inc (NASDAQ ‚Ä¶:

https://t.co/qhksRhK0d3PACCAR Inc $PCAR Receives Average Rating of ‚ÄúHold‚Äù from Analysts https://t.co/dFAoQ01eNN$PCAR:

PACCAR Inc (NASDAQ:PCAR) Receives Average Rating of ‚ÄúHold ‚Ä¶:

https://t.co/ro0p3CzjheFive Best Auto Manufacturing Stocks To Buy This Year
$PCAR, $FCAU, $TSLA, $F, $GM
https://t.co/HM3LNEPu8vFive Best Auto Manufacturing Stocks To Buy This Year
$PCAR, $FCAU, $TSLA, $F, $GM
https://t.co/ogkFSnOj8Z#PACCAR Inc PT Raised to $64.00. Read more: https://t.co/oefJL38NEc $PCARPACCAR Inc $PCAR PT Raised to $64.00 https://t.co/IrVHq1tDqbThree Penny Stock Picks More Than QUADRUPLED In Value! More Big Things On The Way: https://t.co/fctN9sytfZ $PCAR $CTAS $S $ODFLOver 1,466% Gains On Our Top Stock Picks Lately! See Our Big New Pick Early: https://t.co/4FeNl8zbvO $PCAR $CTAS $S $ODFLSawtooth Asset Management Inc. Boosts Position in #PACCAR Inc (). Read more: https://t.co/nqRglAkB7u $PCARSawtooth Asset Management Inc. Boosts Position in PACCAR Inc $PCAR https://t.co/kW32BgbNjC$PCAR:

New Analyst Ratings On PACCAR Inc. (NASDAQ:PCAR):

https://t.co/K2H8Sxbr0HCHKE News
See Here ---&gt; https://t.co/yXIxhroWEx

$CHKE $PCAR $XIV #stocksThree Penny Stock Picks More Than QUADRUPLED In Value! More Big Things On The Way: https://t.co/fctN9sytfZ $ALXN $PCAR $REGNOver 1,466% Gains On Our Top Stock Picks Lately! See Our Big New Pick Early: https://t.co/4FeNl8zbvO $ALXN $PCAR $REGNPCAR Exchange
See Here ---&gt; https://t.co/3tTlvD4BaI

$PCAR $ERF $SSW #stock$PCAR:

Jp Morgan rated Paccar Inc (NASDAQ:PCAR) to Lowers,Maintains ‚Ä¶:

https://t.co/hOBv6z4zQH",2016-03-30,PCAR,1
3,"Over 1,466% Gains On Our Top Stock Picks Lately! See Our Big New Pick Early: https://t.co/4FeNl8zbvO $ALXN $PCAR $REGNMOD Shares
See Here ---&gt; https://t.co/SSMAcsOXo2

$MOD $PCAR $LOGM #investing$PCAR:US PACCAR Inc (PCAR) Price Target Raised to $64.00 #PACCAR INC  https://t.co/laKMbxE0in #NASDAQ$PCAR:US PACCAR Inc (PCAR) Price Target Raised to $64.00 #PACCAR INC  https://t.co/Mgcdjg0iDX #SP500IMGN Tick
See Here ---&gt; https://t.co/y8TvC3JAAq

$IMGN $PCAR $SBCF #stocksJNK Day Low
See Here ---&gt; https://t.co/wPJc2S1KAG

$JNK $CVA $PCAR #investORAN 52Wk High
See Here ---&gt; https://t.co/gssIOEIWd0

$ORAN $XPO $PCAR #stocksYesterday We Made $94,000 In Just One Trade More Info Here https://t.co/ZMvOsK1CVa .. $PCAR $CTAS $S $ODFL#PACCAR Inc Price Target Raised to $64.00. Read more: https://t.co/A71XjrVa4P $PCARYesterday We Made $94,000 In Just One Trade More Info Here https://t.co/ZMvOsK1CVa .. $ALXN $PCAR $REGN#PACCAR Inc Stake Boosted by Tredje AP fonden. Read more: https://t.co/yK6HM59JyB $PCARThree Penny Stock Picks More Than QUADRUPLED In Value! More Big Things On The Way: https://t.co/fctN9sgRRp $ALXN $PCAR $REGNOver 1,466% Gains On Our Top Stock Picks Lately! See Our Big New Pick Early: https://t.co/4FeNl8QMnm $ALXN $PCAR $REGNPremium Alerts Ranked #1 For Gains 2834% Last Week At https://t.co/ewcYkLb72h .. $FFBC $PCAR $ALXAPCAR Ask Size
See Here ---&gt; https://t.co/ChiaQK19hv

$PCAR $WABC $PLAY #investingAPIC Quotes
See Here ---&gt; https://t.co/2QoNz0kTrf

$APIC $CTIX $PCAR #nasdaqThree Penny Stock Picks More Than QUADRUPLED In Value! More Big Things On The Way: https://t.co/fctN9sytfZ $PCAR $CTAS $S $ODFLOver 1,466% Gains On Our Top Stock Picks Lately! See Our Big New Pick Early: https://t.co/4FeNl8zbvO $PCAR $CTAS $S $ODFLThree Penny Stock Picks More Than QUADRUPLED In Value! More Big Things On The Way: https://t.co/fctN9sytfZ $ALXN $PCAR $REGN",2016-03-31,PCAR,0
4,"CYDY running, FLKS is just starting: https://t.co/lwSyWTxOEB $PBSK $PBT $PBW $PBY $PBYI $PCAR $PCBK $PCCCVTI 52Wk Low
See Here ---&gt; https://t.co/7bY1EX3wJ8

$VTI $PCAR $XRM #pennystocksNR7 Stocks https://t.co/ncEJOcrRlg $HBAN $SRPT $TRP $PCAR $FTR $UIS $ZION $LNC $VOYA $HCN $FNSR $SCI $INVN $ATW $YNDX $PBCT $WMT $CIMIBM 52Wk Low
See Here ---&gt; https://t.co/Ukx5VeZHiZ

$IBM $DVN $PCAR #invest$PCAR:

Company Shares of PACCAR (NASDAQ:PCAR) Rally 1.42%:

https://t.co/buCoRftUSn#PACCAR Inc Receives $55.79 Consensus Target Price from Analysts. Read more: https://t.co/3fc0a3tIOd $PCARPACCAR Inc $PCAR Receives $55.79 Consensus Target Price from Analysts https://t.co/BgyMHdm3npPACCAR Inc $PCAR Receives $55.79 Consensus Target Price from Analysts https://t.co/jfV9FntO2IGarnet Equity Capital Holdings Inc. Sells 20,000 Shares of PACCAR Inc $PCAR https://t.co/AAvfpX581l",2016-04-04,PCAR,0
5,"$PCAR:

New Insider Transaction on PCAR by Director:

https://t.co/aHtQ7gmGoi https://t.co/pUi5KvgaPRPACCAR Inc. director was just granted 461 restricted shares  https://t.co/5Jt7fv3owd $PCARPACCAR Inc $PCAR Shares Sold by State of Wisconsin Investment Board https://t.co/gxc7XDE8cv#PACCAR Inc Downgraded by Zacks Investment Research. Read more: https://t.co/i1UHNXzMRO $PCARPACCAR downgraded by Zacks Investment Research to sell. https://t.co/kSw7qU9cyQ $PCAR #PCARPACCAR Inc $PCAR Downgraded by Zacks Investment Research https://t.co/tHifmZPvtAPACCAR Inc $PCAR Downgraded by Zacks Investment Research https://t.co/A32tG1eOJNPACCAR downgraded by Zacks Investment Research to sell. https://t.co/iimDDhqM6G $PCAR #PCARSFTW Investor long-term stock recommendation: $PCAR PACCAR Inc. (SS: 23) https://t.co/ajLDr7suctPCAR Volume
See Here ---&gt; https://t.co/BOxjPCKpVP

$PCAR $HL $ESPR #stockPANW Current Price
See Here ---&gt; https://t.co/IyxZdd4E76

$PANW $PCAR $FC #invest",2016-04-05,PCAR,1
6,"CYDY running, FLKS is just starting: https://t.co/lwSyWTxOEB $PBSK $PBT $PBW $PBY $PBYI $PCAR $PCBK $PCCC1234 Bullish https://t.co/5iojPBYADJ $HLX $PFG $CUBE $HST $GT $PVH $ATI $BSBR $WFT $GME $PHG $MBI $IEMG $COF $DSW $CIG $TFM $PCARToday`s #put selling action #options: $HUN $LULU $PCAR $RIG $TCK $TIF. via https://t.co/P6hp2rTDE8 https://t.co/wiIMI2dHwdRT @OpenOutcrier: RECAP 4/6 Unusual Puts:
$RIG Apr22 8.5 P
$PCAR Apr 50 P
$HUN Apr 12 P
$RPD May 10 P
$CVX Jun 85 P
$XOM Apr 75 P
$POT Jun‚Ä¶RECAP 4/6 Unusual Puts:
$RIG Apr22 8.5 P
$PCAR Apr 50 P
$HUN Apr 12 P
$RPD May 10 P
$CVX Jun 85 P
$XOM Apr 75 P
$POT Jun 14 PWatchlist showing some green today
$PE $NEE $PCAR $LVLT $WWAV $TS $WIN $CMS $STT $MENT https://t.co/jVG9AinykaIMGN P/E Ratio
See Here ---&gt; https://t.co/nOVuSsNCQK

$IMGN $LIBE $PCAR #finance$PCAR,List:Coming out of Bull Trend,Quote:52.62,Change:-0.21,Target:42.0Early action #options: $ETE $FB $HUN $PCAR $PFE $VRX via https://t.co/1BZ4feOGg1 https://t.co/Ng8gGxRR1GRT @OpenOutcrier: $PCAR Apr 50 Put Seller -5k for $0.27$PCAR .. APR 50 PUT Activity on BID SIDE ... 5K Block @$.27 on the BID small vol pop$PCAR Apr 50 Put Seller -5k for $0.27#PACCAR Inc Downgraded by Zacks Investment Research to ""Sell"". Read more: https://t.co/uY48FMHTC4 $PCARPACCAR Inc $PCAR Downgraded by Zacks Investment Research to ‚ÄúSell‚Äù https://t.co/wH8upQatct$PCAR:

Could PACCAR Inc Change Direction After Today‚Äôs Gap Down?:

https://t.co/Ara4AgLvRzPCAR Exchange
See Here ---&gt; https://t.co/hZBBF1DVko

$PCAR $XLV $STBZ #investing",2016-04-06,PCAR,0
7,"PCAR News
See Here ---&gt; https://t.co/9Ba6LndvKN

$PCAR $SHOP $LSCC #nasdaqEXA Change
See Here ---&gt; https://t.co/5ZeC2qLwqr

$EXA $CM $PCAR #stockGAM Holding AG Raises Stake in PACCAR Inc $PCAR https://t.co/KWx4EUjkSRUBS Oconnor LLC Has $12,936,000 Stake in #PACCAR Inc (). Read more: https://t.co/1CA4NHRyMu $PCARSuntrust Banks Inc. Lowers Position in #PACCAR Inc (). Read more: https://t.co/04PrUC3dDJ $PCAR$PCAR:

Key Stocks of the Day: PACCAR Inc. (NASDAQ:PCAR):

https://t.co/g0eOXqlu7kTUP Shares
See Here ---&gt; https://t.co/5MrCjISmxt

$TUP $BLUE $PCAR #pennystocksPCAR Dividend
See Here ---&gt; https://t.co/qZUN0s3caQ

$PCAR $SMAA $IO #stockVMI Yield
See Here ---&gt; https://t.co/3J8ETiWWK7

$VMI $PCAR $RICE #pennystocks",2016-04-07,PCAR,1
8,"$PCAR:US PACCAR Inc (PCAR) Cut to Neutral at Macquarie #PACCAR INC  https://t.co/LucSe94bGN #NASDAQStochastic Oversold https://t.co/4ZAfDtFCj1 $AGN $BEN $IVZ $PANW $PCAR $AKAM $HBAN $INTC $SYMC $RDN $IDTI $ISBC $ABC $TROW $NDAQ $SCHW $DHRRT @YamasutaTrader: $PCAR - SELL Signal at 52.65 on Apr 08, 16 By https://t.co/6PpjiKmc9G Trading Robot #Stockstowatch #Stockmarket #tradin‚Ä¶$PCAR - SELL Signal at 52.65 on Apr 08, 16 By https://t.co/6PpjiKmc9G Trading Robot #Stockstowatch #Stockmarket #trading #trade #investing$MUR $PCAR $CMI:

Oppenheimer‚Äôs Technician Is Buying Growth Over Value, And Tech ‚Ä¶:

https://t.co/tq774Js9juPACCAR Inc $PCAR Downgraded by Zacks Investment Research https://t.co/kL7KUPSeuy$PCAR:US PACCAR Inc (PCAR) Cut to Neutral at Macquarie #PACCAR INC  https://t.co/vzSV0wPtGL #NASDAQ$PCAR:US PACCAR Inc (PCAR) Cut to Neutral at Macquarie #PACCAR INC  https://t.co/7dllos7TWj #SP500downgrades $SON $ARI $GG $FLTX $WMC $MFA $IVR $CMI $PCAR $QLIK $AFOP $UNFI #stocks #investing #tradeideasRT @OpenOutcrier: Top Downgrades 4/11: $AFOP $ALDW $ARI $AVB $CLMT $CMO $GG $MOS $NTI $PCAR $POT $QLIK $UNFI $VLO $WMC $XYLRT @OpenOutcrier: Top Downgrades 4/11: $AFOP $ALDW $ARI $AVB $CLMT $CMO $GG $MOS $NTI $PCAR $POT $QLIK $UNFI $VLO $WMC $XYLRT @OpenOutcrier: Top Downgrades 4/11: $AFOP $ALDW $ARI $AVB $CLMT $CMO $GG $MOS $NTI $PCAR $POT $QLIK $UNFI $VLO $WMC $XYLTop Downgrades 4/11: $AFOP $ALDW $ARI $AVB $CLMT $CMO $GG $MOS $NTI $PCAR $POT $QLIK $UNFI $VLO $WMC $XYLPCAR Investor Opinions
See Here ---&gt; https://t.co/SVwMo9J31s

$PCAR $NJ $FB #nasdaq#PACCAR Inc Cut to Neutral at Macquarie. Read more: https://t.co/rmnPCAl42c $PCAR#PACCAR Inc Stock Rating Lowered by Macquarie. Read more: https://t.co/FkU5ldh5bA $PCAR$BECN $GOOG $GOOGL $FB $TWTR $CMI $PCAR $MOS $POT $PKG $BLMN $AU analyst action https://t.co/uJkZoCziY2Btw, Estimated #Earnings Per Share for $PCAR is $1.01 it's 1.92% of the current price https://t.co/4B3ZKCGXEQPACCAR downgraded by Macquarie to neutral. https://t.co/UpIdwpsWsi $PCAR #PCARApril Analyst Upgrades &amp; Downgrades $BECN $GOOG $GOOGL $FB $TWTR $CMI $PCAR $MOS $POT $PKG $BLMN $AU  https://t.co/pGx6n9chMWPACCAR Inc. Downgrade by Macquarie (Ranked 20th) to Neutral $PCAR #PCAR https://t.co/X6Zwt9rLpX$PCAR:

Take a look at Price Moves: Verifone Systems, Inc. (NYSE:PAY ‚Ä¶:

https://t.co/zdUwqV6QcrPACCAR Inc $PCAR Stock Rating Lowered by Macquarie https://t.co/uw9SggxHCFRT @AnalystWire: Macquarie Downgrades PACCAR $PCAR to Neutral https://t.co/yU3vYoF6yEMacquarie Downgrades PACCAR $PCAR to Neutral https://t.co/yU3vYoF6yE#downgrades $AVB $XYL $MFA $IVR $CMO $NE $PCAR $CMI $WMC $UDR $EQR$PCAR - SELL Signal at 52.65 on Apr 08, 16 By https://t.co/6PpjiKmc9G Trading Robot #Stockstowatch #Stockmarket #trading #trade #investingCibc World Markets Corp Buys 4,745 Shares of #PACCAR Inc (). Read more: https://t.co/6fwvhNJgT4 $PCARUS Bancorp DE Has $116,180,000 Stake in #PACCAR Inc (). Read more: https://t.co/YsOK5lNyUX $PCARAndra AP fonden Raises Stake in PACCAR Inc $PCAR https://t.co/okS2QQsWrtFOE News
See Here ---&gt; https://t.co/6EXAgzrQmD

$FOE $IMDZ $PCAR #stocks$PCAR:

Brighton Jones LLC Sells 91 Shares of PACCAR Inc (PCAR):

https://t.co/IjnJiNJKE1$PCAR:

US Bancorp DE Has $116180000 Stake in PACCAR Inc (PCAR):

https://t.co/77jMOc7veFBrighton Jones LLC Sells 91 Shares of PACCAR Inc $PCAR https://t.co/BuD0qknOc5",2016-04-11,PCAR,1
9,"$PCAR:

PACCAR Inc. (NASDAQ:PCAR): Quick Look at Earnings:

https://t.co/ogBGffVGcP180 Bullish https://t.co/vE1N3bfJ2Q $ABBV $SCCO $SPN $EWC $IWN $UPRO $SNV $SLB $SSO $HAIN $PCAR $OXY $APH $ZIOP $INO $SPLS $FBHS $IBBYesterday‚Äôs Consumer Pops and Drops: UA, SON, PCAR, and PKG $PCAR $PKG $SON $UA https://t.co/DsON1rLT4SZacks Investment Research Lowers #PACCAR Inc to Sell. Read more: https://t.co/4eMDUSfcnW $PCARPACCAR downgraded by Zacks Investment Research to sell. https://t.co/V7pj5AZZeu $PCAR #PCARPACCAR downgraded by Zacks Investment Research to sell. https://t.co/mamsWblluO $PCAR #PCAR#PACCAR Inc Stake Cut by Eaton Vance Management. Read more: https://t.co/2FAUePQ0sp $PCAR#PACCAR Inc Downgraded to ""Neutral"" at Macquarie. Read more: https://t.co/jEqA5EmJEj $PCAR$PCAR $CCE:

Overview of Price Moves: PACCAR Inc. (NASDAQ:PCAR) , Coca ‚Ä¶:

https://t.co/ZljcooK4T5Ranks #1 with over 80% in alert gains today. Click here https://t.co/ewcYkLb72h .. $FFBC $PCAR $ALXA",2016-04-12,PCAR,1
10,"#PACCAR Inc Shares Sold by Cornerstone Capital Management Holdings LLC. Read more: https://t.co/5FGeUMzI9X $PCARNasdaq100 #Stocks Performance $MU $ATVI $CSX $BMRN $NTES $CTRP $TRIP $PCAR $BIDU $ENDP $SWKS $ADSK $VIAB  more@ https://t.co/YdSIjFJqHfAroon Positive https://t.co/kK2jyGxdil $MCK $IHF $ITA $ECL $CMPR $ERIE $TDY $CTAS $IYG $NDSN $IYM $ESRX $MGLN $SXT $UEIC $KEX $XHS $PCARPACCAR Inc $PCAR Shares Sold by Cornerstone Capital Management Holdings LLC. https://t.co/ekaoKBzsiyNasdaq100 #Stocks Performance $MU $ATVI $CSX $NTES $BMRN $CTRP $BIDU $ENDP $SWKS $NXPI $PCAR $ADSK $VIAB  more@ https://t.co/YdSIjG11yNRT @tymorapro: $PCAR: 1mRunaway+:7 [+3%,.1%offHi], News, PrvCHi, 9:6Accel+, allTFs+; TLM:1.6; ILM:1.5, goPop:+1.4%, 1WkHi+, DyVol:1.3M:0.6x‚Ä¶$PCAR: 1mRunaway+:7 [+3%,.1%offHi], News, PrvCHi, 9:6Accel+, allTFs+; TLM:1.6; ILM:1.5, goPop:+1.4%, 1WkHi+, DyVol:1.3M:0.6x:0.4xTake profits on machinery stocks, J.P. Morgan says https://t.co/HrjnjvViSG $DE $AGCO $CNHI $PCARTake profits on machinery stocks, J.P. Morgan says https://t.co/pvBdzT1fNX $DE $AGCO $CNHI $PCARTake profits on machinery stocks, J.P. Morgan says https://t.co/FnBY9BUQ4B $DE $AGCO $CNHI $PCAR$JPM $CAT $DE $AGCO $CNHI $PCAR $JOY JPMorgan Says Take Profits  Machinery Stocks, Market Shrugs https://t.co/M0YUtyRrbF via @@barronsonline$PCAR: 1mRunaway+:1 [+3%,.4%offHi], News, PrvCHi, AtPivR3, tf:1111101; TLM:0.8; ILM:1.3, goPop:+1.4%, 1WkHi+, DyVol:1.05M:0.5x:0.4x$PCAR:

Earnings Reaction History: PACCAR Inc. (NASDAQ:PCAR) has a 60 ‚Ä¶:

https://t.co/F3sObZYfW1RT @bnkinvest: Bullish Two Hundred Day Moving Average Cross - $PCAR $SPHD #dividends https://t.co/U4NqI15MVz$PCAR - BUY Signal at 53.645 on Apr 12, 16 By https://t.co/6PpjiK4AL6, Trading Robot#Stockstowatch #Stockmarket #trading #trade #investingMacquarie Downgrades PACCAR Inc $PCAR to Neutral https://t.co/UkjEh5KdQSPCAR 54.89 Paccar Inc $PCAR added to my watch list. Right now with PCAR I am watching the last price 54.89 Hig https://t.co/6g5aIQ7hetBullish Two Hundred Day Moving Average Cross - $PCAR $SPHD #dividends https://t.co/U4NqI15MVz$PCAR:

New SEC Filing for PCAR: Form PX14A6G (No. 0001140361-16-060990):

https://t.co/2X4vntH7kA https://t.co/Sid3xkIFLK#PACCAR Inc Lowered to ""Sell"" at Zacks Investment Research. Read more: https://t.co/pn8p6afCOo $PCARPACCAR Inc $PCAR Lowered to ‚ÄúSell‚Äù at Zacks Investment Research https://t.co/puMjbntNI0Employees Retirement System of Texas Has $1,043,000 Stake in #PACCAR Inc (). Read more: https://t.co/CJwvjHUz74 $PCAR$PCAR:US PACCAR Inc (PCAR) Lowered to Sell at Zacks Investment Research #PACCAR INC  https://t.co/kd2tZNyH71 #NASDAQPCAR 52Wk Low
See Here ---&gt; https://t.co/QfG7BVshRH

$PCAR $NFLX $APC #invest$PCAR - BUY Signal at 53.645 on Apr 12, 16 By https://t.co/6PpjiKmc9G, Trading Robot#Stockstowatch #Stockmarket #trading #trade #investing#PACCAR Inc Lowered to Sell at Zacks Investment Research. Read more: https://t.co/DJKB2e5fys $PCAR$PCAR - PACCAR Inc #PCAR Lowered to Sell at Zacks Investment Research https://t.co/y7urOXt21Q$PCAR:

PACCAR Inc (PCAR) Lowered to Sell at Zacks Investment Research:

https://t.co/XpUmMKvL3h180 Bullish https://t.co/vE1N3bfJ2Q  $ABBV $SCCO $SPN $EWC $IWN $UPRO $SNV $SLB $SSO $HAIN $PCAR $OXY $APH $ZIOP $INO $SPLS $FBHS $IBB",2016-04-13,PCAR,1
11,"$PCAR:

PACCAR Inc. (NASDAQ:PCAR) Share Rating Check:

https://t.co/efE8rbpqGVPACCAR Inc $PCAR Position Raised by Mitsubishi UFJ Kokusai Asset Management CO. LTD. https://t.co/ZEpmh6Bk9QAME Filings
See Here ---&gt; https://t.co/DRq37E9hw7

$AME $PRAN $PCAR #financePACCAR Inc $PCAR Rating Lowered to Sell at Zacks Investment Research https://t.co/twZYrLMR0a$PCAR - PACCAR Inc #PCAR Rating Lowered to Sell at Zacks Investment Research https://t.co/lcil5lPGZc$PCAR - PACCAR Inc #PCAR Rating Lowered to Sell at Zacks Investment Research https://t.co/sASYD243qlPCAR Company Info
See Here ---&gt; https://t.co/rywLS0UrYV

$PCAR $REXX $PSXP #invest#PACCAR Inc Position Cut by Affinity Investment Advisors LLC. Read more: https://t.co/ZBTJVqwEtU $PCARMKL Market Cap
See Here ---&gt; https://t.co/ghHS7swxr3

$MKL $PCAR $MOG.A #investingPACCAR Inc $PCAR Cut to ‚ÄúNeutral‚Äù at Macquarie https://t.co/97xGnZYwukPACCAR Inc $PCAR Cut to ‚ÄúNeutral‚Äù at Macquarie https://t.co/DNszlmg2xx#PACCAR Inc Cut to ""Neutral"" at Macquarie. Read more: https://t.co/VcQ9nLWA8s $PCARPACCAR Inc $PCAR Cut to ‚ÄúNeutral‚Äù at Macquarie https://t.co/PL5QNItyKYPCAR 55.56 Paccar Inc $PCAR added to my watch list. Right now with PCAR I am watching the last price 55.56 Hig https://t.co/htL9qsHBpJFirst Washington CORP Holds Stake in #PACCAR Inc (). Read more: https://t.co/PRj1JYyVsq $PCARFirst Washington CORP Holds Stake in PACCAR Inc $PCAR https://t.co/Qa3p67FHwK$PCAR - BUY Signal at 53.645 on Apr 12, 16 By https://t.co/6PpjiKmc9G, Trading Robot#Stockstowatch #Stockmarket #trading #trade #investingWeekly Nasdaq100 #Stocks Performance $CTRP $ULTA $CSX $NFLX $PCAR $MU $BIDU $VOD $ATVI $FOXA $ESRX $AAL  more@ https://t.co/YdSIjFJqHf$MO $PCAR:

Market Analyst Checklist Stocks: Altria Group (NYSE:MO), PACCAR ‚Ä¶:

https://t.co/DTNoiXOpFKWill be looking buy $pcar today. Awesome looking chart, about to breakout. Was downgraded on Tues. has gone straight up since. #chekitoutTK Ask
See Here ---&gt; https://t.co/9bcAQY0hdf

$TK $PCAR $ECOL #stocksAmerican International Group Inc. Raises Position in PACCAR Inc $PCAR https://t.co/JcRkI6TyVQWFT % Change
See Here ---&gt; https://t.co/o7TUGuAtME

$WFT $PNM $PCAR #tradeideasDFT EOD Data
See Here ---&gt; https://t.co/Z4h0RLZ2CF

$DFT $PCAR $IDI #pennystocks$PCAR PACCAR Becomes #11 Most Shorted Nasdaq 100 Component, Replacing Henry Schein https://t.co/0FIYARygr1 

Chart interesting/I'll researchOppenheimerFunds Inc. Purchases New Position in PACCAR Inc $PCAR https://t.co/SNz0ahZrYA",2016-04-14,PCAR,0
12,"Slingshot Bullish https://t.co/YfDJ6bABsK $NFLX $PCAR $INFY $EXPD $TYC $CHY $GWW $VRTU $BLX $FELE $PLAY $NYLD $JLL $GIB $AEIS $ASH $CXP $TDYRT @CBOE: #optionstrading: $CVX, $PCAR #earnings, &amp; $TGT May calls @jonnajarian 

https://t.co/nDkkw8tMnd https://t.co/ud8069Of9MRT @WallStJesus: TODAY'S CALL/PUT FLOW:
$AAPL $TRIP $JLL $PCAR $CMI $BEN $ETE $TCK $BAC $DB $HIMX $C $APA $PCRX $KRA https://t.co/SlpvAqM6lmBullish Cross https://t.co/75E8OHBIXd $AA $CLF $EWT $XLB $BMY $PCAR $YUM $GLPI $BSMX $DO $SAVE $PDCE $BBG $MJN $LKQ $MORE $WUBA $PCLNRT @WallStJesus: TODAY'S CALL/PUT FLOW:
$AAPL $TRIP $JLL $PCAR $CMI $BEN $ETE $TCK $BAC $DB $HIMX $C $APA $PCRX $KRA https://t.co/SlpvAqM6lmRT @WallStJesus: TODAY'S CALL/PUT FLOW:
$AAPL $TRIP $JLL $PCAR $CMI $BEN $ETE $TCK $BAC $DB $HIMX $C $APA $PCRX $KRA https://t.co/SlpvAqM6lmRT @WallStJesus: TODAY'S CALL/PUT FLOW:
$AAPL $TRIP $JLL $PCAR $CMI $BEN $ETE $TCK $BAC $DB $HIMX $C $APA $PCRX $KRA https://t.co/SlpvAqM6lmRT @WallStJesus: TODAY'S CALL/PUT FLOW:
$AAPL $TRIP $JLL $PCAR $CMI $BEN $ETE $TCK $BAC $DB $HIMX $C $APA $PCRX $KRA https://t.co/SlpvAqM6lmRT @WallStJesus: TODAY'S CALL/PUT FLOW:
$AAPL $TRIP $JLL $PCAR $CMI $BEN $ETE $TCK $BAC $DB $HIMX $C $APA $PCRX $KRA https://t.co/SlpvAqM6lmRT @WallStJesus: TODAY'S CALL/PUT FLOW:
$AAPL $TRIP $JLL $PCAR $CMI $BEN $ETE $TCK $BAC $DB $HIMX $C $APA $PCRX $KRA https://t.co/SlpvAqM6lmTODAY'S CALL/PUT FLOW:
$AAPL $TRIP $JLL $PCAR $CMI $BEN $ETE $TCK $BAC $DB $HIMX $C $APA $PCRX $KRA https://t.co/SlpvAqM6lmRT @CBOE: #optionstrading: $CVX, $PCAR #earnings, &amp; $TGT May calls @jonnajarian 

https://t.co/nDkkw8tMnd https://t.co/ud8069Of9MRT @CBOE: #optionstrading: $CVX, $PCAR #earnings, &amp; $TGT May calls @jonnajarian 

https://t.co/nDkkw8tMnd https://t.co/ud8069Of9M#optionstrading: $CVX, $PCAR #earnings, &amp; $TGT May calls @jonnajarian 

https://t.co/nDkkw8tMnd https://t.co/ud8069Of9MUnusual options activity:
$PCAR May $56.10 calls
$TGT April 22 weekly $83.50 calls
https://t.co/RleWWVfedoLikely breaks out $PCAR https://t.co/VqfWgAYKuS$PCAR chart: Likely breaks out. https://t.co/0p9lt2iJULRT @TheTradeXchange: $PCAR .. vol pop .. MAY 56.10 CALL Activity .. 1700+ @$1.70 on OFFER .. Expire May 20th$CMI $PCAR CALL SWEEPERS ..$PCAR .. vol pop .. MAY 56.10 CALL Activity .. 1700+ @$1.70 on OFFER .. Expire May 20th1523 $PCAR May16 56.1 Calls $1.70",2016-04-18,PCAR,1
13,"Bearish Doji https://t.co/iMcLZuWVEv $BUD $ITW $HOT $EWY $PCAR $GRFS $EGO $MGM $USMV $CDNS $PAYX $AZN $FANG $SWN $MDY $EMR $ABBV $NVS$PCAR:

PACCAR Inc. (NASDAQ:PCAR): Where are Shares Headed?:

https://t.co/qgoNx7Egeb$PCAR:

PACCAR Inc. (NASDAQ:PCAR) Check on Analyst Ratings:

https://t.co/oJKaQfiXp9$PCAR:

Top Stocks of the day: PACCAR Inc. (NASDAQ:PCAR):

https://t.co/cDcFbaCeT9Long $Pcar ... 56.41RT @WallStJesus: TODAY'S CALL/PUT FLOW:
$AAPL $TRIP $JLL $PCAR $CMI $BEN $ETE $TCK $BAC $DB $HIMX $C $APA $PCRX $KRA https://t.co/SlpvAqM6lmHsbc Holdings PLC Increases Position in PACCAR Inc $PCAR https://t.co/RzsACL2nMZHsbc Holdings PLC Increases Position in PACCAR Inc $PCAR https://t.co/pH4vVPbYI7RT @WallStJesus: TODAY'S CALL/PUT FLOW:
$AAPL $TRIP $JLL $PCAR $CMI $BEN $ETE $TCK $BAC $DB $HIMX $C $APA $PCRX $KRA https://t.co/SlpvAqM6lm",2016-04-19,PCAR,1
14,"PACCAR Inc $PCAR Stake Increased by Mutual of America Capital Management LLC https://t.co/qPbHo61KxO$PCAR ER on 4/26 Before Open. SP were DOWN 15 times out of last 25 qtrs (60%) in ER. https://t.co/lzb7bekMPSHartford Investment Management Co. Has $4,075,000 Stake in PACCAR Inc $PCAR https://t.co/BwPQsefvv8Graticule Asia Macro Advisors LLC Takes Position in PACCAR Inc $PCAR https://t.co/hTVrkmfxPjPCAR Stock Message Board
See Here ---&gt; https://t.co/yIEdk2MWb8

$PCAR $AIXG $HOT #pennystocksMGA Short Sales
See Here ---&gt; https://t.co/baZMjI8DjH

$MGA $PCAR $CBB #tradeideasPACCAR Inc $PCAR Shares Sold by Morgan Stanley https://t.co/auaxMIgamP",2016-04-20,PCAR,0
15,Slingshot Bullish https://t.co/NKpR7OnZH8 $HEDJ $XPO $IWD $HPQ $ORI $STOR $SPXL $PCAR $AIG $TOO $SCHF $IWM $EXPD $VIG $DIA $UPRO $IWB#PACCAR Inc Shares Sold by Bridgewater Associates LP. Read more: https://t.co/9AArF7o9rI $PCARPACCAR Inc $PCAR Shares Sold by Bridgewater Associates LP https://t.co/3ltWJlsmCEPACCAR Inc $PCAR Position Reduced by Caisse DE Depot ET Placement DU Quebec https://t.co/xTfPLOf9TuPACCAR Inc $PCAR Position Reduced by Caisse DE Depot ET Placement DU Quebec https://t.co/xfZrdpYuqiPACCAR Inc $PCAR Stake Increased by Mutual of America Capital Management LLC https://t.co/G4BCDWI7sF,2016-04-21,PCAR,1
16,"Earnings-Impact to Keep an Eye on Tuesday $FCX, $LLY, $TMUS, $ST, $CNX, $GLW, $MMM, $ATI, $PCAR, $ALLY, $BAX, $CNC https://t.co/m0xJjK74RY1234 Bullish https://t.co/J1vyGzG3Zl $DNKN $PCAR $EWG $GLPI $MCD $SYRG $PNK $VER $MAS $VOO $CLF $SID $RDN $TCK $LVLT $PIR $IILGNotable earnings before Tuesday‚Äôs open
$HUBB $HZO $ICLR $IIVI $IR $JBLU $JNS $LLY $LMT $LPT $MAS $MDXG $MHFI $MMM $NCI $ODP $PAG $PCAR#Earnings Tomorrow-P9
$LXK $MDXG $MHFI $NCI $NORD $NRIM $ODP $PAG $PCAR $PCH $PEBO $PG $PH $PNR $POL 
https://t.co/wkf0X8RupsLagging In Post-Market Activity: PACCAR $PCAR $PCAR https://t.co/5yx0PpXFgcEarnings Before Open 4-26-2016 https://t.co/pKPsPY0Bem  $NORD $ODP $PCAR $PH $PAG $PNR $PEBO $POL $PCH $PG $RAI $R $SVU $SIR $ST $SPG $SAH#Caterpillar #Upgraded To Neutral From Sell At #Goldman $CAT Also $JOY $WBC $PCAR $TRMB $ALSN https://t.co/qDtby7ptkURT @CalPERS: Tmrw we vote for right to nominate directors @ #PACCAR. We urge $PCAR shareholders to vote FOR #proxyaccess too. #EngageForCha‚Ä¶Tmrw we vote for right to nominate directors @ #PACCAR. We urge $PCAR shareholders to vote FOR #proxyaccess too. #EngageForChange #CorpGovOur @SEC_News proposal w/ @scottmstringer for #proxyaccess @ #PACCAR: https://t.co/XSCv3GjALe #EngageForChange $PCAR https://t.co/y3K9z39dyiStopping myself out of $Pcar here @ even as they report in the AM...PCAR Summary
See Here ---&gt; https://t.co/PJIrkb9lpw

$PCAR $QID $GS #stockmarketPACCAR $PCAR Stock Lower Ahead of Tuesday's Q1 Results https://t.co/z9OyTyEf7oPACCAR $PCAR Stock Lower Ahead of Tuesday's Q1 Results https://t.co/QNsxg2ZrXD #StockActionAllison Transmission : #PACCAR to release the Allison TC10 transmission in Peterbilt and Ke... Read more: https://t.co/cgcLkJDPen $PCARGoldman upgrades Joy, Caterpillar as China construction rebounds $JOY $CAT $TRMB $WBC $ALSN $PCAR: Full Story https://t.co/t4ApbVPIvERT @OpenOutcrier: Top Earn Tues 4/26 Pre: $MMM $NOK $ODP $PAG $PCAR $PG $PH $PNR $R $RAI $SAVE $SPG $ST $TCK $TEN $TMUS $TRI $TROW $WAT $WD‚Ä¶#Caterpillar #Upgraded To Neutral From Sell At #Goldman $CAT Also $JOY $WBC $PCAR $TRMB $ALSN https://t.co/KRd8QGg1ygRT @OpenOutcrier: Top Earn Tues 4/26 Pre: $MMM $NOK $ODP $PAG $PCAR $PG $PH $PNR $R $RAI $SAVE $SPG $ST $TCK $TEN $TMUS $TRI $TROW $WAT $WD‚Ä¶Top Earn Tues 4/26 Pre: $MMM $NOK $ODP $PAG $PCAR $PG $PH $PNR $R $RAI $SAVE $SPG $ST $TCK $TEN $TMUS $TRI $TROW $WAT $WDR $WHR $WYN (3/3)PACCAR Inc $PCAR to Post Q4 2016 Earnings of $0.93 Per Share, Seaport Global Securities Forecasts https://t.co/cUTTth0K3NPACCAR Inc $PCAR to Post Q4 2016 Earnings of $0.93 Per Share, Seaport Global Securities Forecasts https://t.co/cUgE7sMcKAPACCAR Inc $PCAR to Post Q4 2016 Earnings of $0.93 Per Share, Seaport Global Securities Forecasts https://t.co/QPXRyf9K9XRT @DozenStocks: Nasdaq100 #Stocks Performance $ENDP $DISH $VIAB $MAT $CSX $TSLA $MXIM $FOXA $BMRN $QCOM $DISCA $BIIB $PCAR  more@ https://‚Ä¶Nasdaq100 #Stocks Trend $FOXA $BMRN $ESRX $NXPI $SBAC $TSCO $LLTC $VOD $ADSK $CTXS $MXIM $QCOM $BIIB $PCAR  @ https://t.co/YdSIjFJqHfNasdaq100 #Stocks Performance $ENDP $DISH $VIAB $MAT $CSX $TSLA $MXIM $FOXA $BMRN $QCOM $DISCA $BIIB $PCAR  more@ https://t.co/YdSIjFJqHfRT @theflynews: Caterpillar upgraded to Neutral from Sell at Goldman $CAT $JOY $TRMB $WBC $ALSN $PCAR: Full Story https://t.co/CGfKI1AWhQCaterpillar upgraded to Neutral from Sell at Goldman $CAT $JOY $TRMB $WBC $ALSN $PCAR: Full Story https://t.co/CGfKI1AWhQEPD Bid
See Here ---&gt; https://t.co/eNgG0bmexN

$EPD $PCAR $PVH #investing$PCAR:

Brokerages Set PACCAR Inc (NASDAQ:PCAR) Price Target at $55.77:

https://t.co/AECRk5ZOaVPACCAR to release earnings before the market opens on Tuesday. Analysts expect 0.96 EPS.  $PCAR https://t.co/M7ZMa1kWAo",2016-04-25,PCAR,1
17,"Expansion Breakout https://t.co/oU7GQFQrIC $KN $ORIG $PCAR $BLMN $ZION $MHFI $PWR $CPGX $BCS $GV $ETH $IIVI $TEN $CPLA $CSV $AXE $LEEFavorite Play today was $PCAR this was a PURE Gimmie Literally staring on a gap up at $58 I said GO long $56.50 #WOW https://t.co/2AghESiolwS&amp;P500 #Stocks Trend $MU $PXD $SWN $CNC $PCAR $CXO $XEC $KMX $COH $MUR $NBL $PNR $EOG $BWA $CMA $MHFI $UHS  @ https://t.co/RPeaHBHYi0S&amp;P500 #Stocks Performance $MU $PXD $SWN $R $CNC $PCAR $CXO $AA $XEC $KMX $MRO $COH $MUR $NBL $COP $PNR  more@ https://t.co/RPeaHBHYi0Nasdaq100 #Stocks Trend $MU $PCAR $NXPI $CSX $CHTR $ADSK $DISH $QCOM $ESRX $ULTA $SIRI $MXIM $EBAY $TSCO $AMAT  @ https://t.co/YdSIjFJqHfNasdaq100 #Stocks Performance $MU $PCAR $NXPI $AKAM $LBTYA $WDC $FAST $CSX $AMAT $INTU $CHTR $DLTR $SWKS  more@ https://t.co/YdSIjFJqHf$PCAR:US PACCAR (PCAR) Q1 Earnings Top Estimates, Fall Y/Y #PACCAR INC  https://t.co/FD5fUQfrxU #NASDAQPACCAR announces quarterly dividend of $0.24.  Payable on 6/6/2016. 1.63% Yield.  https://t.co/HVQwbpmyFt $PCAR #PCARTop Shorted Stocks 04/26/16... 20. $PCAR 71.42% 21. $MAR 71.26% 22. $HRB 70.73% 23. $XGTI 70.64% 24. $P 70.62% 25. $IYR 70.36%Top Shorted Stocks 04/26/16... 19. $GDXJ 71.66% 20. $PCAR 71.42%... https://t.co/8KFXdTQ3bvUpdate $AAPL down 8%, $AKAM up 2%, $CHRW down 3%, $EBAY up 1%, $PCAR up 5%, $WYNN down 2% post #earnings- downtrend Nasdaq100 #options tmrwPACCAR declares $0.24 dividend https://t.co/srojkKBnut $PCARPACCAR declares $0.24 dividend https://t.co/HxAVhT9Vsm $PCAREPS Movers:
$CNX $PXD +8%
$R +6%
$BP $PCAR $COH +5%
$LMT +3%
$DD $IR +2%
$MMM -1%
$MAS $LLY $PG -2%
$WAT -3%
$WHR -4%
$CNI -5%
$GLW -8%Momentum stock watch for WED $CNC $COH $ESRX $HTLD $IIVI $MOH $PAG $PCAR $PNR $R $TEN $XLNX $ZION $FLIR $WYN$AAPL down 6%, $AKAM up 2%, $CHRW down 3%, $EBAY up 3%, $PCAR up 5%, $WYNN down 2% post #earnings- will downtrend Nasdaq100 #options tmrwAmazing Day in #AwesomeCalls Another 10 Trading Idea Laid out ALL PreMarket Nailed $VRX $SRPT $RMTI $TMUS $PRGO $RMTI $PCAR $NXPI $EXEL $WHRMember Sheet https://t.co/PyKxRwT92q $AMID $EXEL $IR $NXPI $PCAR $PETX $REXX $RMTI $SEED $TMUS $CNI $CPLP $DRRX $MDXG $SRPT $WHR $STX $WDCPACCAR (PCAR) Stock Advances, Q1 Earnings Beat Estimates $PCAR https://t.co/T3HXvxzEPy https://t.co/kbgVT5INfUPaccar Inc, $PCAR, is up 5% - https://t.co/YeMPmqnEYnPACCAR $PCAR Stock Advances, Q1 Earnings Beat Estimates https://t.co/q8o9SY4pv9 #StockActionPACCAR $PCAR Stock Advances, Q1 Earnings Beat Estimates https://t.co/YqbafP7HK2PACCAR Inc $PCAR Stake Raised by Utah Retirement Systems https://t.co/9aCvP9NClQBlackRock Advisors LLC Boosts Position in PACCAR Inc $PCAR https://t.co/AB2JuQneE8BlackRock Advisors LLC Boosts Position in PACCAR Inc $PCAR https://t.co/22KCVSdiuVWant automatic email alerts for $PCAR $CMI $CVX $CSE $PBR? Subscribe to MarketBeat Daily https://t.co/nSJuDsYidjPACCAR Inc $PCAR Trading Up 4.1% After Strong Earnings https://t.co/5cKLmi1MOmPACCAR Inc $PCAR Trading Up 4.1% After Strong Earnings https://t.co/QH9YPFW5zeWhy PCAR Is UP Tuesday https://t.co/4ayhZUNEum $PCARConsumer Goods Stocks On The Rise With Help From 3 Stocks $PCAR https://t.co/KGQ5z1XDJb#PACCAR Paccar sales slow, but demand for big trucks remains strong. Read more: https://t.co/yznlKh1tW6 $PCAR#PACCAR Paccar sales slow, but demand for big trucks remains strong. Read more: https://t.co/L75x9B8yYD $PCAR#PACCAR Paccar posts rare quarterly loss on price-fixing charge. Read more: https://t.co/6xoLduTnia $PCARPCAR Ask
See Here ---&gt; https://t.co/NJf2sHZG9k

$PCAR $CALD $OIH #stocksRT @CalPERS: Our @SEC_News proposal w/ @scottmstringer for #proxyaccess @ #PACCAR: https://t.co/XSCv3GjALe #EngageForChange $PCAR https://t‚Ä¶$CNC  short 67.00 66.50 and below

$PCAR short 58.00

$LLY short

$TEVA short

$SRPT long

$WDR short

$ICLR long after lunchS&amp;P500 #Stocks Trend $MU $PXD $CNC $AN $CXO $PCAR $URI $UHS $MHFI $NSC $BWA $DOW $JEC $SYF $DNB $JCI $LMT $BAX @ https://t.co/RPeaHBHYi0S&amp;P500 #Stocks Performance $MU $PXD $CNC $AN $CXO $KMX $COH $THC $PCAR $URI $UHS $XEC $NBL $MUR $CMA $MRO  more@ https://t.co/RPeaHBHYi0Nasdaq100 #Stocks Trend $MU $NXPI $PCAR $CHTR $MXIM $BIIB $DISH $INTU $HSIC $QCOM $TXN $SIRI $GILD $ADSK $EBAY  @ https://t.co/YdSIjFJqHfNasdaq100 #Stocks Performance $MU $NXPI $PCAR $WDC $CSX $FAST $SWKS $AVGO $AMAT $INTU $ROST $LBTYA $DISCA  more@ https://t.co/YdSIjFJqHfVolume Alert - PCAR 57.59 Paccar Inc $PCAR Hit a high today of 58.76 Closing the day 10:31 at 57.59 +1.54 +2.7 https://t.co/Bk9ojuaewRHUN Stock Message Board
See Here ---&gt; https://t.co/u3OfnwqWDx

$HUN $PCAR $DHR #pennystocksHigh level look of Sector names working: $PXD $DD $XEC $DOW $MRO $PCAR $BWA $UHS $THC $PRGO $AN $MHFI $NSC $MU $QRVO https://t.co/1kDrGsUdu0RT @1ResilientSoul: üìà‚ú®üëåüèºüòèüëçüèº $BLMN $CNC $NGL $OGXI $VHC $PCAR $SAVE $MU $IDTI $QRVO $HIMX $AMD $PIR $Z $SNP $EXPI https://t.co/AfQZPzNCuGBeating estimates, 04/26 3/3: $PCAR $PG $PH $POL $PROV $SAVE $SCL $SPG $ST $STAY $SUI $SVU $TEN $$TMUS $TRI $TROW $TWIN $WAB $WAT $WYNPACCAR $PCAR Is Strong On High Volume Today $PCAR https://t.co/CWty78ubB3üìà‚ú®üëåüèºüòèüëçüèº $BLMN $CNC $NGL $OGXI $VHC $PCAR $SAVE $MU $IDTI $QRVO $HIMX $AMD $PIR $Z $SNP $EXPI https://t.co/AfQZPzNCuG$PCAR: PACCAR beats by $0.03, misses on revs; sees Class 8 truck industry retail sales for the U.S. and Canada in... https://t.co/TAEfkinyG9PACCAR hits a 1 quarter high https://t.co/Mz3wfvGFcg $PCAR #PACCAR https://t.co/v4emnLyZN7#PACCAR BRIEF-Paccar posts Q1 adj. earnings $0.99/shr. Read more: https://t.co/LWebsRqfjW $PCARCan $PCAR afford to keep paying their 4.2% yield? https://t.co/fIumdh2QGp https://t.co/DxPu3WZnTl#PACCAR Paccar : reports 1Q loss. Read more: https://t.co/WI2rKHWxGr $PCARWatchlist: $NXPI $PCAR $AMID $CYNO $SC $MTW $SDLP $UBNT $HSYWhy These Stocks Are Up https://t.co/dzCPt3yc74  $AMID $PETX $BLDP $ETH $EXEL $IR $KN $NXPI $SEED $PCAR $PXD $REXX $RMTI $SANM $TMUS $TCSgap and go stocks: $AMID $PETX $MTW $IR $PCAR $NXPI $DRRX $WDR $CMCM $LLY trade in direction of gap #intraday #daytrading #stocks #followmeRT @ACInvestorBlog: Pre-market movers $SEED $NVIV $PETX $EXEL $LGCY $RMTI $PCAR $NXPI $PTCT $PACB $AMID@jimcramer other strong low PE for most part $PCAR $PH $PAG $BEAV $PNR $R $TEN $SAVEIf you don't #know what has #happened #behind you, you won't know what is #happening #around you. $BP $IR $SAVE $TMUS $COH $DD $CYNO $PCAR#Mindthegap $WHR $CNI $SRPT $IR $NXPI $CP $CPLP $PCAR $AMID $WDR $NVIV $HSYRT @ACInvestorBlog: Pre-market movers $SEED $NVIV $PETX $EXEL $LGCY $RMTI $PCAR $NXPI $PTCT $PACB $AMIDLong Watches: $NXPI, $BP, $PCAR, $TMUS, $PETX, $CHTR, $VRX, $RACE, $EXEL! Short Watches: $SRPT, $WHR, $CPLP, $DDD!RT @ACInvestorBlog: Pre-market movers $SEED $NVIV $PETX $EXEL $LGCY $RMTI $PCAR $NXPI $PTCT $PACB $AMIDPremarket most advanced stocks: $SEED, $NVIV, $PETX, $LGCY, $EXEL, $RMTI, $PCAR, $MU, $NXPI, $PTCTMore on PACCAR's Q1 https://t.co/7S5leehr5J #premarket $PCARRT @OptionsHawk: $PCAR kind of contradicting Volvo outlook on North American Truck MarketMore on PACCAR's Q1 https://t.co/CrCiPQ1F9N #premarket $PCARMore on PACCAR's Q1 https://t.co/4akIKGfPzJ #premarket $PCARMore on PACCAR's Q1 https://t.co/LVVkv9SXyb #premarket $PCARRT @ACInvestorBlog: Pre-market movers $SEED $NVIV $PETX $EXEL $LGCY $RMTI $PCAR $NXPI $PTCT $PACB $AMIDPre-market movers $SEED $NVIV $PETX $EXEL $LGCY $RMTI $PCAR $NXPI $PTCT $PACB $AMID$PCAR PACCAR Achieves Good First Quarter Results https://t.co/9lips3Vrhq#PACCAR Paccar Inc. Q1 Profit Falls 8%. Read more: https://t.co/npSGaG0Ujc $PCARRT @1ResilientSoul: #premarket movers
üìà‚ú®üëåüèºüòèüëçüèº $SEED +22.37%
$PETX +17.22%
$EXEL +8.37%
$PCAR +3.50%
$JBLU +3.49%
$TMUS +2.84%
üìâü§îüëéüèº üí• $SRPT‚Ä¶#premarket movers
üìà‚ú®üëåüèºüòèüëçüèº $SEED +22.37%
$PETX +17.22%
$EXEL +8.37%
$PCAR +3.50%
$JBLU +3.49%
$TMUS +2.84%
üìâü§îüëéüèº üí• $SRPT $CPLP $LLY $AAPL$PCAR:

New SEC Filing for PCAR: Form 8-K (No. 0001193125-16-555166):

https://t.co/FQEwQUpTTV https://t.co/nxSWeMKJ4fRT @OptionsHawk: $PCAR kind of contradicting Volvo outlook on North American Truck Market$PCAR kind of contradicting Volvo outlook on North American Truck Market10 Stocks Moving In Tuesday's #PreMarket Session $AAPL $CPLP $EXEL $SEED $PETX $PCAR $JBLU $TMUS $SRPT $LLY https://t.co/OyukFlb39SWhy PCAR Is UP In Premarket Trading PACCAR Earnings Results https://t.co/4ayhZUNEum $PCAR$LGCY and $PCAR are significant Pre-Market Gainers this AM on SpeculatingStocks Pre-Market, Specu... https://t.co/RDPn6urMhV #specstocksPACCAR beats by $0.03, misses on revenue https://t.co/GpDWpQXlTy #premarket $PCARPACCAR beats by $0.03, misses on revenue https://t.co/sEV0qAnHAJ #premarket $PCARPACCAR beats by $0.03, misses on revenue https://t.co/pxhFo9jeLF #premarket $PCARBMO calls by charts: https://t.co/jEuNnp9NHH
$ATI $COH $CRS $DD $FCX $FLIR $GLW $HUBB $JBLU $JNS $LLY $LMT $MAS $MMM $PCAR $PG $PH $TEN $WATRanking The Dividend Challengers, Part 2 https://t.co/ljxDXzCY4u $ALV $GNTX $JCI $LEA $MGA $MLR $PAG $PCAR $PLOW $SMP $STRT$PCAR $FBR:

Trading updates about two Stocks: PACCAR Inc. (NASDAQ:PCAR ‚Ä¶:

https://t.co/WxfA69ctFyBYLK Message Board Posts
See Here ---&gt; https://t.co/XLwOTlgsPn

$BYLK $HST $PCAR #pennystocksRT @ServAnalytics: Is $QQQ a good bet for tmrw? Trade #options b4  #earnings. $AAPL, $AKAM, $CHRW, $EBAY, $KLAC, $PCAR, $WYNN Rptg tmrw htt‚Ä¶Is $QQQ a good bet for tmrw? Trade #options b4  #earnings. $AAPL, $AKAM, $CHRW, $EBAY, $KLAC, $PCAR, $WYNN Rptg tmrw https://t.co/J4O6BEDGz9HL Volume
See Here ---&gt; https://t.co/IPmdtTiQ2W

$HL $PCAR $GD #pennystocks#Caterpillar #Upgraded To Neutral From Sell At #Goldman $CAT Also $JOY $WBC $PCAR $TRMB $ALSN https://t.co/KRd8QGg1yg",2016-04-26,PCAR,1
18,"New Uptrend https://t.co/uHgJW9PpTb $PCAR $FCX $SYF $AKS $OKS $PEG $TCB $NSC $EIX $EEP $MDY $ECL $WILN $ETH $FTK $LOCK $FBPNasdaq100 #Stocks Trend $AKAM $MDLZ $EBAY $NXPI $ESRX $PCAR $ULTA $BBBY $ROST $TSCO $CTXS $CSX $ADSK $SBAC $MU  @ https://t.co/YdSIjFJqHfNasdaq100 #Stocks Performance $AKAM $WDC $MDLZ $EBAY $NXPI $MAR $ESRX $NVDA $PCAR $ULTA $FAST $TRIP $BBBY  more@ https://t.co/YdSIjFJqHf$PCAR:US Robert W. Baird Upgrades PACCAR Inc (PCAR) to Outperform #PACCAR INC  https://t.co/FcO9etEEec #NASDAQ$PCAR:

New Insider Transaction on PCAR by Director:

https://t.co/dCq4hWw78S https://t.co/c6Lq2emi4R$PCAR:US Robert W. Baird Upgrades PACCAR Inc (PCAR) to Outperform #PACCAR INC  https://t.co/IXoqxBFXRX #SP500Been taking care of a sick girlfriend this week. Late reports: sold $BAC @ 15.09 (+2.89), sold $PCAR @ 60.54 (+16.16)Large Call Buying https://t.co/Q6fytJJC2z $T $CRM $BAC $SLCA $SPLS $DOW $DISH $CHTR $HD $PAGP $PCAR $OAS $EA $RNG $DEO $TOL $AAPLNew #PACCAR distribution center to serve Western Canada . Read more: https://t.co/2YVB9hLfNY $PCARNasdaq100 #Stocks Trend $AKAM $EBAY $MDLZ $ESRX $BBBY $PCAR $ULTA $NXPI $TSCO $ADSK $MU $SBAC $SIRI $CSX $TXN  @ https://t.co/YdSIjFJqHfNasdaq100 #Stocks Performance $AKAM $EBAY $MAR $MDLZ $ESRX $BBBY $WDC $FAST $PCAR $ULTA $NVDA $NXPI $TMUS  more@ https://t.co/YdSIjFJqHfAnalyst Upgrades https://t.co/4LIgLtQCyX   $EBAY $JBL $KHC $LB $LPT $KORS $NBR $NOV $NSU $OFS $PCAR $PNR $POL $RMD $STM $SYK $TSSPACCAR Inc $PCAR Sees Strong Trading Volume on Earnings Beat https://t.co/asnpJrNWPIPACCAR Inc. Reiterated Rating by BMO Capital Markets (Ranked 12th) to Hold $PCAR #PCAR https://t.co/X6Zwt9rLpXAnalysts Offer Predictions for PACCAR Inc‚Äôs Q4 2016 Earnings $PCAR https://t.co/C7NQURcRM3PACCAR's hold rating reiterated at BMO Capital Markets. https://t.co/uZesnde6yM $PCAR #PCARPACCAR's hold rating reiterated at BMO Capital Markets. https://t.co/CsgZaw3XUc $PCAR #PCARclayton: PCAR 59.51 Paccar Inc $PCAR added to my watch: clayton https://t.co/MjhMogmAuZclayton: PCAR 59.51 Paccar Inc $PCAR added to my watch: clayton https://t.co/NedfO38PJsAnalyst Upgrades https://t.co/4LIgLtQCyX $EBAY $JBL $KHC $LB $LPT $KORS $NBR $NOV $NSU $OFS $PCAR $PNR $POL $RMD $STM $SYK $TSSPCAR 59.51 Paccar Inc $PCAR added to my watch list. Right now with PCAR I am watching the last price 59.51 Hig https://t.co/HQaJlXgZDE#PACCAR releases the Allison TC10 transmission in Peterbilt, Kenworth chassis. Read more: https://t.co/A9Id3eoX5z $PCARleahanne: Xtremepicks Alerts: Volume Alert - PCAR 60.23 Paccar Inc $PCAR Hit a https://t.co/J3umf2unjiVolume Alert - PCAR 60.23 Paccar Inc $PCAR Hit a high today of 60.86 Closing the day 10:30 at 60.23 +1.30 +2.2 https://t.co/yzJ1nBj5miAnalyst Upgrades and Price Target Increases https://t.co/4LIgLtQCyX ‚Ä¶ ‚Ä¶ $EBAY $JBL $KHC $LB $LPT $NOV $PCAR $TSS$MOH short

$TEN short

$PRGO short 

$NFLX short

$URI long 67.00 and above

$AKAM short 56.00

$PNR short

$PCAR short 60.2511 Dividend Opportunities For Anti-Cyclic Income Investors - https://t.co/NI1vjGpssC - $UPS $ABV $SNDK $PCAR $MSM $CRS $EMC $GNTX $MSFTSee the latest #Equity #ratings changes direct from #brokerage firms https://t.co/OCPRWKgfok $JBLU $JONE $PCAR $CROX $CMG $AAPL $BWLD $TWTRLong $PCARbest performing Consumer goods today $MDLZ $DPS $AVY $KORS $PCAR data here &gt; https://t.co/iC7lxcq6tA https://t.co/oU7gFkxhwjPACCAR Inc $PCAR PT Raised to $53.00 https://t.co/TT2DH1QxSP$PCAR:US Robert W. Baird Upgrades PACCAR Inc (PCAR) to Outperform #PACCAR INC  https://t.co/ynxT4CiLCh #NASDAQAnalyst Upgrades and Price Target Increases https://t.co/4LIgLtz1Hp ‚Ä¶ $EBAY $JBL $KHC $LB $LPT $NOV $PCAR $TSSI give $PCAR a moderate buy rating  - #Growth #Speculation #RSI #MACD #ADX #momentum #breakout https://t.co/sACXBxdk0XPACCAR (PCAR:NASDAQ) gains 5.14% to $58.93 on Tuesday : Among top 10 gainers on S&amp;P500 $PCAR #manufacturing #StockMarket #nasdaq #AutomobilePACCAR Inc. Boost Price Target by RBC Capital Mkts (Ranked 57th) to Sector Perform with 53 PT $PCAR #PCAR https://t.co/X6Zwt9rLpXPACCAR's PT raised by RBC Capital to $53.00. sector perform rating. https://t.co/FoOhtQrL4F $PCAR #PCARPACCAR (PCAR:NASDAQ) gains 5.14% to $58.93 on Tuesday : Among top 10 gainers on S&amp;P500 $PCAR #manufacturing #StockMarket #nasdaq #Automobileholy $PCAR$PCAR:US Robert W. Baird Upgrades PACCAR Inc (PCAR) to Outperform #PACCAR INC  https://t.co/vSyYZOQItI #SP500RT @StockAction: PACCAR $PCAR Stock Price Target Increased at BMO Capital https://t.co/Zqys7rfbeQ #StockActionPACCAR $PCAR Stock Price Target Increased at BMO Capital https://t.co/4wpTOBSPxsPACCAR $PCAR Stock Price Target Increased at BMO Capital https://t.co/Zqys7rfbeQ #StockActionPACCAR hits a 1 quarter high https://t.co/Mz3wfvGFcg $PCAR #PACCAR https://t.co/AB0plA5Na3WARNING: $PCAR OPTIMISM indicator (as seen by investors in News &amp; Social Media)  is very pessimistic! https://t.co/z5Lhn3HjTB$PCAR +1Wednesday's Top Analyst Upgrades &amp; Downgrades Part 1: $AAPL $CMG $EBAY $JBLU $LB $LP $T $NOV $PCAR $TSS $URBN https://t.co/n3X7J4fzKYTop Upgrades 4/27: $COF $ITUB $JBLU $JONE $KORS $KT $LPT $NOV $PCAR $PNR $SRC $SYK $TSSWednesday's Top Analyst Upgrades &amp; Downgrades PT1 
$AAPL $CMG $EBAY $JBLU $LB $LPT $NOV $PCAR $TSS $URBN
https://t.co/t03U4dNkZiPCAR Summary
See Here ---&gt; https://t.co/T7sFzw1DX9

$PCAR $CTT $GDXJ #tradeideas$PCAR - Robert W. Baird Upgrades PACCAR Inc #PCAR to Outperform https://t.co/W9rDAWAgJePACCAR Inc. Upgrade by Robert W. Baird (Ranked 17th) to Outperform with 66 PT $PCAR #PCAR https://t.co/X6Zwt9rLpXPACCAR upgraded by Robert W. Baird to outperform. $66.00 PT. https://t.co/aN1gjslQ2r $PCAR #PCAR#upgrades $KORS $PNR $SRC $ITUB $KT $JONE $LPT $PCAR $NOV $SYK $TSS $LYB $JBLUPACCAR lands a post-earnings upgrade from Baird https://t.co/Na8VX1vjD4 #premarket $PCARPACCAR lands a post-earnings upgrade from Baird https://t.co/3JNi4KnjF3 #premarket $PCARPACCAR lands a post-earnings upgrade from Baird https://t.co/WtLMz1NGMe #premarket $PCARRT @AnalystWire: Baird Upgrades PACCAR $PCAR to Outperform https://t.co/EgJ6UD6h4a$PCAR: Robert W. Baird ups to OutperformBaird Upgrades PACCAR $PCAR to Outperform https://t.co/EgJ6UD6h4aWeekly Nasdaq100 #Stocks Trend $MU $DISH $PCAR $NXPI $CSX $CHTR $ADSK $MXIM $ESRX $QCOM $ULTA $SIRI $TSCO $EBAY @ https://t.co/YdSIjFJqHfWeekly Nasdaq100 #Stocks Performance $VIAB $WDC $MU $DISH $STX $TSCO $PCAR $NXPI $CSX $ENDP $MXIM $BIIB  more@ https://t.co/YdSIjFJqHfNDAQ 52Wk High
See Here ---&gt; https://t.co/OkxJfl4CqE

$NDAQ $BLUE $PCAR #investingPACCAR Inc $PCAR Posts  Earnings Results, Beats Expectations By $0.03 EPS https://t.co/6ClLOiNRhBDividend Declarations As Of April 26, 2016 - https://t.co/l1Xmh2wpPU - $GMLP $WPZ $DCP $SEP $IBM $MET $TRI $WFC $AFL $AAPL $RESM $PCAR $FLIRBlueCrest Capital Management Ltd Increases Stake in PACCAR Inc $PCAR https://t.co/Bt39ff1twkBlueCrest Capital Management Ltd Increases Stake in PACCAR Inc $PCAR https://t.co/Z0Lgz8uUK9Biggest gainers today large caps:
$MU 9.10%
$PXD 7.73%
$NJ 5.77%
$BP 5.35%
$PCAR 5.14%
$BBVA 5.12%
$CXO 5.09%
$AA 4.92%
$BBD 4.86%SMAA % Change
See Here ---&gt; https://t.co/bJHtKCdxUK

$SMAA $PCAR $MOS #stock",2016-04-27,PCAR,0
19,"Nasdaq100 #Stocks Trend $CHTR $MAR $MU $FB $PCAR $ADSK $FAST $ESRX $DISH $MDLZ $CSX $EBAY $VRSK $TSCO $NXPI  @ https://t.co/YdSIjFJqHf$PCAR:US Victory Capital Management Inc. Cuts Position in PACCAR Inc (PCAR) #PACCAR INC  https://t.co/Z7kXvfOdEz #NASDAQNasdaq100 #Stocks Trend $MU $CHTR $MAR $PCAR $MDLZ $AKAM $FB $CSX $ESRX $TXN $SIRI $ADSK $EBAY $FAST $QCOM  @ https://t.co/YdSIjFJqHfCall/Put Highest % volume changes:  Calls: $KCG, $EXC, $ALXN, $FNV, $PCAR.  Puts: $PCAR, $AMBA, $YNDX, $DVAX, $BHP.Calvert Investment Management Inc. Boosts Position in PACCAR Inc $PCAR https://t.co/3YeybpJolVPACCAR Inc $PCAR Receives Sector Perform Rating from RBC Capital https://t.co/DgynAvR0M0PACCAR Inc $PCAR Receives Sector Perform Rating from RBC Capital https://t.co/Hi5lEGE71nNasdaq100 #Stocks Trend $FB $MU $CHTR $MAR $SIRI $NXPI $TXN $PCAR $MDLZ $AKAM $ESRX $BBBY $ADSK $EBAY $FAST  @ https://t.co/YdSIjFJqHfBullish Golden Cross moving average cross on $PCAR. Could be a sign of more strength. Thoughts?‚Ä¶ https://t.co/zJGCRUMtTJIs this a good sign? Golden Cross detected on $SLB $RRC $PCAR. 50MA crossed above 200MA. Thoughts?‚Ä¶ https://t.co/4KEZnaM14XPACCAR Inc $PCAR Upgraded to ‚ÄúOutperform‚Äù at Robert W. Baird https://t.co/x0u8Doc3bNPACCAR Inc $PCAR Upgraded to ‚ÄúOutperform‚Äù at Robert W. Baird https://t.co/JqgWRjy5Bxjim50: PCAR Gapped up +0.15 $PCAR Last Price 59.88 Day https://t.co/eLa70YHZBvPACCAR Inc $PCAR Posts Quarterly  Earnings Results, Beats Estimates By $0.03 EPS https://t.co/btGAoMdk7PPACCAR Inc $PCAR Posts Quarterly  Earnings Results, Beats Estimates By $0.03 EPS https://t.co/0KoqRwb6M2#PACCAR Inc. Reports Big Loss in Q1: Key Earnings Takeaways. Read more: https://t.co/LGTUOA1WYl $PCAR#PACCAR Inc. Reports Big Loss in Q1: Key Earnings Takeaways. Read more: https://t.co/BKRxHJq97Y $PCARLarge Call Buying https://t.co/Q6fytJJC2z   $T $CRM $BAC $SLCA $SPLS $DOW $DISH $CHTR $HD $PAGP $PCAR $OAS $EA $RNG $DEO $TOL $AAPLNwam LLC Has $1,466,000 Position in PACCAR Inc $PCAR https://t.co/h4KWGPySSrNwam LLC Has $1,466,000 Position in PACCAR Inc $PCAR https://t.co/Ckn2jeB763Weekly Nasdaq100 #Stocks Trend $MU $AKAM $PCAR $TSCO $CSX $NXPI $CTXS $ULTA $ESRX $ADSK $BBBY $EBAY $MDLZ $ROST @ https://t.co/YdSIjFJqHfWeekly Nasdaq100 #Stocks Performance $VIAB $MU $AKAM $PCAR $TSCO $STX $WDC $DISH $BIIB $CSX $NXPI $FAST  more@ https://t.co/YdSIjFJqHf#PACCAR Paccar Parts Opens New $32-million Renton Distribution Center. Read more: https://t.co/MgGAedinwS $PCARRT @247WallSt: Wednesday's Top Analyst Upgrades &amp; Downgrades Part 1: $AAPL $CMG $EBAY $JBLU $LB $LP $T $NOV $PCAR $TSS $URBN https://t.co/n‚Ä¶PACCAR Inc $PCAR Sees Unusually-High Trading Volume Following Better-Than-Expected Earnings https://t.co/jhnNmWRUi6$PCAR:US Victory Capital Management Inc. Cuts Position in PACCAR Inc (PCAR) #PACCAR INC  https://t.co/9zWumAwc6i #NASDAQLarge Call Buying https://t.co/Q6fytJJC2z  $T $CRM $BAC $SLCA $SPLS $DOW $DISH $CHTR $HD $PAGP $PCAR $OAS $EA $RNG $DEO $TOL $AAPL",2016-04-28,PCAR,0
20,"1234 Bullish https://t.co/1RhegXVIzI $PDCE $EMR $IP $MRK $ANTM $THC $LGCY $XLB $LPLA $PCAR $VNTV $PPG $AMP $LABU $SCTY $EQT $MWW$VSAT $QQQ $PCAR: Most Active in After Hours as seen on SpeculatingStocks After-Hours, https://t.co/0sHRjqRl7f #specstocksThe #stocks *seeing the most volume in after hours*: $VSAT $QQQ $PCAR $QCOM and $TLT.PACCAR Inc $PCAR Earns Hold Rating from BMO Capital Markets https://t.co/ZIQ8vFcZxORBC Capital Reaffirms Sector Perform Rating for PACCAR Inc $PCAR https://t.co/lTdUIVd5CcCummin In Hot ($CMI Earnings Preview)  https://t.co/eMmsgkkjkY $CMI $PCAR $IYT#PACCAR Parts opens new $32M distribution center. Read more: https://t.co/tx5Yd3wIXw $PCARPCAR Chart
See Here ---&gt; https://t.co/rcM7V9RtIF

$PCAR $IBM $BCS #financeTCP Stock Message Board
See Here ---&gt; https://t.co/Lb8fnPaGUa

$TCP $PCAR $FINL #stockOverbought https://t.co/l9eT3cN2Gd $AFAM $ARLP $AXP $CMA $DEI $DFS $EVAR $EWBC $GRAM $KIO $KNOP $KRC $LPT $NAD $NSC $PCAR $PKG",2016-05-02,PCAR,0
21,"Insider Selling: PACCAR Inc $PCAR VP Sells 14,405 Shares of Stock https://t.co/g9y09jUWloRonald E. Armstrong Sells 11,783 Shares of PACCAR Inc $PCAR Stock https://t.co/solxutRpXcRonald E. Armstrong Sells 11,783 Shares of PACCAR Inc $PCAR Stock https://t.co/nOPW5WRrfCBullish Pullback https://t.co/RXuJGBdBHn $LGCY $ALKS $USG $NRZ $ORIG $KATE $BCEI $MUR $BMY $PXD $SWN $FOXA $DVN $ERF $HDS $PCAR $CLRPACCAR Inc $PCAR Shares Sold by Airain ltd https://t.co/lq5maSGE9iPACCAR Inc.'s Chief Executive Officer just picked up 1,921 shares  https://t.co/EwxyDmLZ1e $PCAR$PCAR:

New Insider Transaction on PCAR by Vice President:

https://t.co/AAHnOxvYdN https://t.co/EV2VepKTMr$PCAR Vice President has just reported purchase of company stock valued at $306,241Awesome looking bull flags in $Drys &amp; $PcarCommonwealth Bank of Australia Acquires 1,226 Shares of PACCAR Inc $PCAR https://t.co/k9duk2qlkFCommonwealth Bank of Australia Acquires 1,226 Shares of PACCAR Inc $PCAR https://t.co/MOzBiUwQ1BJBL Stock Forum
See Here ---&gt; https://t.co/QOSIFR0L9M

$JBL $PCAR $SNC #investFFG Last Price
See Here ---&gt; https://t.co/6sX49AM8JS

$FFG $AFMD $PCAR #shareUMPQ Quotes
See Here ---&gt; https://t.co/yTbK8bSkLK

$UMPQ $PCAR $CRAY #financePCAR Dividend
See Here ---&gt; https://t.co/okW3xLkrlI

$PCAR $ILMN $AEP #stockmarketBOH Short Sales
See Here ---&gt; https://t.co/K7QTG383jA

$BOH $PCAR $WAT #finance$PCAR: Bullish analyst action by Baird on PACCAR: https://t.co/fu71Q7JMEE https://t.co/XYuElV2IPe",2016-05-03,PCAR,0
22,"#PACCAR Parts opens new distribution center in Washington. Read more: https://t.co/cAlvMQnZaZ $PCAR#PACCAR Inc Falls 3.4% for May 04. Read more: https://t.co/oKY375xozl $PCAR$PCAR:

New SEC Filing for PCAR: Form 10-Q (No. 0001193125-16-577596):

https://t.co/AaE3PnEVat https://t.co/WWLsVfRaTOPACCAR Inc. Just Filed Its Quarterly Report:  Marketable debt s... https://t.co/KT1tDjrDl7 $PCARNLY News
See Here ---&gt; https://t.co/6VuA0xsR2v

$NLY $SZYM $PCAR #nasdaqFTR Message Board Posts
See Here ---&gt; https://t.co/BUiqJdq8IG

$FTR $PCAR $PRCP #financeRT @theflynews: Truck makers dive after report shows April Class 8 orders down 16% sequentially  $NAV $PCAR $CMI: Full Story https://t.co/l‚Ä¶Truck makers dive after report shows April Class 8 orders down 16% sequentially  $NAV $PCAR $CMI: Full Story https://t.co/lXGHI8UHOE#PACCAR Paccar Parts Taps East Penn Manufacturing as Supplier of the Year. Read more: https://t.co/VcneIVCYIl $PCARPACCAR Inc $PCAR Shares Bought by D. E. Shaw &amp; Co. Inc. https://t.co/V9lDRQYMl7$PCAR: Bullish analyst action by Baird on PACCAR: https://t.co/fu71Q7JMEE https://t.co/BsLL4r8wwtRonald E. Armstrong Sells 11,783 Shares of #PACCAR Inc Stock. Read more: https://t.co/wGTuJ2IM2p $PCAR",2016-05-04,PCAR,0
23,"PACCAR Inc $PCAR Shares Bought by Mcdaniel Terry &amp; Co. https://t.co/pwllidRGfZ$PCAR - PACCAR Inc #PCAR Shares Bought by Mcdaniel Terry &amp; Co. https://t.co/W36hPdB4Rq$PCAR - PACCAR Inc #PCAR Shares Bought by Mcdaniel Terry &amp; Co. https://t.co/UcM5uoejlBBusy new issue calendar today $RDSALN $EFX $TWX $BBT $PCAR $EL all tapping the market this morning #credit#PACCAR Inc Given Hold Rating at Credit Suisse. Read more: https://t.co/oHbJ1ZrcWc $PCARNavistar International Corp, #PACCAR Inc: Here's Why Truck Maker Stocks Are down Today. Read more: https://t.co/RDN7rBLku4 $PCARPCAR Open
See Here ---&gt; https://t.co/GpDhEC0lPm

$PCAR $GRMN $WAFD #stockmarketMNOV P/E Ratio
See Here ---&gt; https://t.co/qruzt36rH1

$MNOV $GME $PCAR #finance#PACCAR Paccar turns to new wind tunnel to develop more fuel-efficient trucks. Read more: https://t.co/ndq5RuVCa3 $PCAR#PACCAR Paccar turns to new wind tunnel to develop more fuel-efficient trucks. Read more: https://t.co/PtiMYH2el7 $PCAR",2016-05-05,PCAR,0
24,"$PCAR: Bullish analyst action by Bank of America on PACCAR: https://t.co/PIRL21AELL https://t.co/WMCCmEcdSX$PCAR:US PACCAR Inc (PCAR) Upgraded to Buy by Bank of America #PACCAR INC  https://t.co/1I2Z9pQZrE #SP500PACCAR Inc $PCAR Earns Hold Rating from Credit Suisse https://t.co/DpC8pY2M72Analyst Upgrades https://t.co/8RDFW1AsVi       $AGLE $MO $COF $CWST $CNP $CMA $DEPO $EGO $FISV $GMT $GLNG $OKE $PCAR $PGTI $SNN $TCBI $WECAnalyst Upgrades https://t.co/8RDFW1AsVi      $AGLE $MO $COF $CWST $CNP $CMA $DEPO $EGO $FISV $GMT $GLNG $OKE $PCAR $PGTI $SNN $TCBI $WECAmazing Day in #AwesomeCalls Another 10 Trading Idea Laid out ALL PreMarket Nailed $VRX $AGLE $HZNP $NUGT $PRGO $PCAR $DDD $SSYS $BIDU $NTLAAnalyst Upgrades https://t.co/8RDFW1AsVi     $AGLE $MO $COF $CWST $CNP $CMA $DEPO $EGO $FISV $GMT $GLNG $OKE $PCAR $PGTI $SNN $TCBI $WECPCAR Market Cap
See Here ---&gt; https://t.co/6KRl8kyO3O

$PCAR $DIN $ERN #investingPeak Asset Management LLC Raises Position in PACCAR Inc $PCAR https://t.co/u6DyovxoPhPeak Asset Management LLC Raises Position in PACCAR Inc $PCAR https://t.co/DUGrqYkxZ8#PACCAR Paccar Inc. upgraded to buy from neutral at Bank of America. Read more: https://t.co/tPnkJWiaCB $PCARAnalyst Upgrades https://t.co/8RDFW1AsVi ‚Ä¶    $AGLE $MO $COF $CWST $CNP $CMA $DEPO $EGO $FISV $GMT $GLNG $OKE $PCAR $PGTI $SNN $TCBI $WECBank Of America Upgrades PACCAR To Buy, Labels It 'Best In Breed' $CAT $DE $PCAR https://t.co/HLqd7YeM2Bleahanne: Volume Alert - PCAR 56.01 Paccar Inc $PCAR Hit a https://t.co/ozrlg4VvHTVolume Alert - PCAR 56.01 Paccar Inc $PCAR Hit a high today of 57.50 Closing the day 10:30 at 56.01 +0.47 +0.8 https://t.co/qtK8d2JElMRT @theflynews: Analyst says buy PACCAR as U.S. Class 8 truck orders bottom $PCAR $NAV $CMI $CNHI: Full Story https://t.co/6UIgmxySmm#StockNews ‚Äï Analyst says buy PACCAR as U.S. Class 8 truck orders bottom $PCAR $NAV $CMI $CNHI:‚Ä¶ https://t.co/vvHiZbnU0i ‚Üí via @AlertTradeRT @theflynews: Analyst says buy PACCAR as U.S. Class 8 truck orders bottom $PCAR $NAV $CMI $CNHI: Full Story https://t.co/6UIgmxySmmAnalyst says buy PACCAR as U.S. Class 8 truck orders bottom $PCAR $NAV $CMI $CNHI: Full Story https://t.co/6UIgmxySmmAnalyst Upgrades https://t.co/8RDFW1AsVi   $AGLE $MO $COF $CWST $CNP $CMA $DEPO $EGO $FISV $GMT $GLNG $OKE $PCAR $PGTI $SNN $TCBI $WEC#StockNews ‚Äï On The Fly: Top five analyst upgrades $GLNG $SLB $PCAR $OZRK $DEPO $MO: Full Story https://t.co/pV28fKb0Wh ‚Üí via @AlertTradeOn The Fly: Top five analyst upgrades  $GLNG $SLB $PCAR $OZRK $DEPO $MO: Full Story https://t.co/yn4Bs1bzMyMonday Top Analyst Upgrades &amp; Downgrades PT3 $OKE $PCAR $PGTI $SNN $TX $TCBI $WY $WEC https://t.co/zh4GgnkRinAnalyst Upgrades 05/09: $BNCN $BOKF $CMA $CNP $COF $COMM $CWST $DEPO $FIS $GLNG $HBHC $MSL $OZRK $PB $PCAR $TCBI $ZIONMonday Top Analyst Upgrades &amp; Downgrades PT3 
$OKE $PCAR $PGTI $SNN $TX $TCBI $WY $WEC
https://t.co/NujFhxPaO2Analyst Upgrades https://t.co/8RDFW1AsVi $AGLE $MO $COF $CWST $CNP $CMA $DEPO $EGO $FISV $GMT $GLNG $OKE $PCAR $PGTI $SNN $TCBI $WECMay 9 Analyst Upgrades &amp; Downgrades $DEPO $FISV $MO $PCAR $CNP $FIS $ULTA $FANG $WDAY $VALE $BBT &amp; more. https://t.co/BPHGttJu0sTop Upgrades 5/9: $MO $MSL $OKE $PB $PCAR $SNN $STRL $TCBI $WEC $ZION (2/2)RT @ACInvestorBlog: #upgrades $SNN $CNP $DEPO $COMM $WEC $FIS $GLNG $COF $PCAR $OKE $FISV $MO $CMA $HBHC $BOKF $PB $ZION $MSL $TCBI $BNCN $‚Ä¶#upgrades $SNN $CNP $DEPO $COMM $WEC $FIS $GLNG $COF $PCAR $OKE $FISV $MO $CMA $HBHC $BOKF $PB $ZION $MSL $TCBI $BNCN $CWSTUpside seen for PACCAR with European business improved https://t.co/6PXF8ZBFNL #premarket $PCARUpside seen for PACCAR with European business improved https://t.co/NXMW6p2R1G #premarket $PCARUpside seen for PACCAR with European business improved https://t.co/eF49brcvSE #premarket $PCARPACCAR upgraded by Bank of America to buy. https://t.co/kcwBmWnjGE $PCAR #PCARPACCAR Inc. Upgrade by Bank of America (Ranked 46th) to Buy $PCAR #PCAR https://t.co/X6Zwt9rLpXPACCAR upgraded by Bank of America to buy. https://t.co/X5kxfVuhLS $PCAR #PCARBofA/Merrill Lynch Upgrades PACCAR $PCAR to Buy https://t.co/GduGRwg2sf",2016-05-09,PCAR,1
25,"Nasdaq100 #Stocks Trend $TRIP $AMZN $TMUS $MDLZ $CTSH $VRTX $ESRX $ADBE $FB $LVNTA $MAR $NTES $PCAR $CTXS $BMRN @ https://t.co/YdSIjFJqHfNasdaq100 #Stocks Performance $TRIP $BMRN $WDC $AKAM $AMZN $NTES $PCAR $REGN $NFLX $CTXS $AAL $TMUS $MU  more@ https://t.co/YdSIjFJqHf180 Bullish https://t.co/dzf1EBk54F $CBS $AUY $TXN $HL $BMY $KGC $HON $PCAR $HEFA $OMC $EPI $DNKN $INDA $FB $IAG $PWR $AGINasdaq100 #Stocks Trend $TRIP $AMZN $TMUS $CTSH $MDLZ $ESRX $ADBE $MAR $LVNTA $VRTX $NTES $FB $CTXS $ALXN $PCAR @ https://t.co/YdSIjFJqHfNasdaq100 #Stocks Performance $TRIP $WDC $NTES $AKAM $BMRN $AMZN $PCAR $ENDP $TMUS $AAL $REGN $MU $CTXS  more@ https://t.co/YdSIjFJqHfPACCAR Inc $PCAR Stock Rating Reaffirmed by Credit Suisse https://t.co/iVuHISMqG2PCAR Bid Size
See Here ---&gt; https://t.co/Kvmjty3Tth

$PCAR $AV $SMH #pennystocksS&amp;P500 #Stocks Performance $DNB $AGN $URI $DVN $AKAM $AMG $WDC $AMZN $OI $GLW $STI $MS $PCAR $ZION $GS  more@ https://t.co/RPeaHBHYi0Nasdaq100 #Stocks Trend $CTSH $MDLZ $FB $LVNTA $TMUS $ESRX $NTES $ADBE $INTU $TSCO $EBAY $DISH $PCAR $QCOM  @ https://t.co/YdSIjFJqHfNasdaq100 #Stocks Performance $AKAM $WDC $AMZN $NTES $LVNTA $PCAR $ENDP $STX $AAL $PCLN $CTXS $NVDA $SBAC  more@ https://t.co/YdSIjFJqHfRT @OpenOutcrier: PACCAR $PCAR, Eli Lilly &amp; Co. $LLY Added to US1 List at BofA; Pfizer $PFE Removed

https://t.co/na9o6u32MEPACCAR $PCAR, Eli Lilly &amp; Co. $LLY Added to US1 List at BofA; Pfizer $PFE Removed

https://t.co/na9o6u32MEESV Last Price
See Here ---&gt; https://t.co/GhUn0nArxz

$ESV $OXY $PCAR #stockmarketMRK Ideas
See Here ---&gt; https://t.co/WeALRneeJu

$MRK $GHL $PCAR #stocks#PACCAR Paccar Fin Europe : Publication of Listing Particulars. Read more: https://t.co/YlmKPVhnYB $PCARPACCAR Inc $PCAR Shares Bought by Mason Street Advisors LLC https://t.co/235mAzf81pPACCAR Inc $PCAR Shares Bought by Mason Street Advisors LLC https://t.co/IDpJchkHs2United Services Automobile Association Boosts Stake in PACCAR Inc $PCAR https://t.co/t5vcRRzOWH",2016-05-10,PCAR,0
26,"Nasdaq100 #Stocks Trend $EA $AMZN $TMUS $FISV $TRIP $CTSH $CHTR $ADBE $CMCSA $DISCA $NTES $MDLZ $PCAR $MNST  @ https://t.co/YdSIjFJqHfPACCAR Inc $PCAR Rating Increased to Buy at Bank of America https://t.co/Tz6sOrwg1SPACCAR Inc $PCAR Rating Increased to Buy at Bank of America https://t.co/BlCkrucIxiNasdaq100 #Stocks Trend $EA $AMZN $TMUS $TRIP $FISV $CTSH $ADBE $CMCSA $ESRX $DISCA $NTES $MDLZ $CHTR $PCAR  @ https://t.co/YdSIjFJqHf$PCAR: Bullish analyst action by Bank of America on PACCAR: https://t.co/PIRL21AELL https://t.co/lxt43LKLTLPACCAR Inc $PCAR Shares Bought by Two Sigma Advisers LLC https://t.co/d50aXURS7rGIG E.P.S.
See Here ---&gt; https://t.co/ufMui54jEN

$GIG $LFC $PCAR #financeHTZ Bid
See Here ---&gt; https://t.co/WK3PuzKxRg

$HTZ $RXMD $PCAR #tradeideasWSO Exchange
See Here ---&gt; https://t.co/sJOCKfAReC

$WSO $PCAR $DCO #pennystocksPACCAR Inc $PCAR Shares Sold by KBC Group NV https://t.co/UntnFa1DOd",2016-05-11,PCAR,0
27,"RT @STOCKSandCOMM: $PCAR https://t.co/xBDgnsTZNI Bearish CCI Opportunitie$PCAR https://t.co/xBDgnsTZNI Bearish CCI OpportunitieSGNT Stock Message Board
See Here ---&gt; https://t.co/EeD8RNem3m

$SGNT $PCAR $TREE #nasdaqTITXF P/E Ratio
See Here ---&gt; https://t.co/z9mSzZqnf0

$TITXF $PCAR $NVAX #sharePACCAR Inc $PCAR Lifted to Buy at Bank of America https://t.co/sJkqzxCDw5MINE News
See Here ---&gt; https://t.co/V16c0DMpN8

$MINE $PCAR $LYB #stockNGG Volume
See Here ---&gt; https://t.co/IxjUlWLvAp

$NGG $CTSH $PCAR #pennystocksPACCAR Inc $PCAR To Go Ex-Dividend on May 17th https://t.co/TifXXTN6yK",2016-05-12,PCAR,0
28,"PFSD Ideas
See Here ---&gt; https://t.co/nHT70BkVb2

$PFSD $PCAR $SCIE #nasdaqLTNC Prev Close
See Here ---&gt; https://t.co/7m2Nvah9fp

$LTNC $PCAR $DB #share180 Bullish https://t.co/M6ZR6hnAwa $PCAR $MDT $BMY $SPY $HON $VGK $ECA $ETFC $DOV $ITW $VTI $XLI $SCHF $IVV $ECL $XOM $TSSGPL Stock Message Board
See Here ---&gt; https://t.co/v9PZFHuqEz

$GPL $ALOG $PCAR #financeTLRD Short Sales
See Here ---&gt; https://t.co/z0BEgJZCBm

$TLRD $SBAC $PCAR #pennystocksSCTY Stock Forum
See Here ---&gt; https://t.co/iTkpHtrEd9

$SCTY $PCAR $MSGN #stock$PCAR Updates https://t.co/uCajbWbI0lPCAR Bid Size
See Here ---&gt; https://t.co/cZQLtxQiyZ

$PCAR $OHRP $WBS #investAIXG Volume
See Here ---&gt; https://t.co/gcJq7oAuKm

$AIXG $PCAR $RCL #tradeideasEFII Bid Size
See Here ---&gt; https://t.co/FAea4CJGsw

$EFII $PCAR $LCI #stockmarketTomorrow's ex-dividend dates $MSFT $CVX $HON $TRI $PCAR and 15 more https://t.co/8K76LaiyrB $$DXYN Filings
See Here ---&gt; https://t.co/Wo6mx0ZEkZ

$DXYN $PCAR $ACHC #stockmarketPACCAR Inc $PCAR to Issue Quarterly Dividend of $0.24 on  June 6th https://t.co/3VfRNi6zzQPACCAR Inc $PCAR to Issue Quarterly Dividend of $0.24 on  June 6th https://t.co/GN1byXGA01WFT Change
See Here ---&gt; https://t.co/0NoIy8SC73

$WFT $NVIV $PCAR #share",2016-05-16,PCAR,0
29,"Stifel Financial Corp Decreases Stake in PACCAR Inc $PCAR https://t.co/Py8EB6LIorVER Ask
See Here ---&gt; https://t.co/fBWVJ9VRNT

$VER $PCAR $APAM #pennystocksLTNC Last Trade
See Here ---&gt; https://t.co/K7PI5Ars9x

$LTNC $ATTO $PCAR #nasdaq#Dividend Today-P5
$MXIM $NCMI $PCAR $PGD $POOL $PVH $RAIL $RECN $RMAX $RMD $SBSI $SLW $SPAR $SPNS 
https://t.co/7Wu1PC9iqFPACCAR Inc $PCAR Position Held by Stewart &amp; Patten Co. LLC https://t.co/ULxigXg4ZGPACCAR Inc $PCAR Position Held by Stewart &amp; Patten Co. LLC https://t.co/wJxOIVwpwrPCAR Day High
See Here ---&gt; https://t.co/KxmSguhkMm

$PCAR $TI.A $CHRO #pennystocksEnvestnet Asset Management Inc. Sells 374 Shares of PACCAR Inc $PCAR https://t.co/pyjDVoXiuTPACCAR Inc $PCAR Position Reduced by LPL Financial LLC https://t.co/PmZ3Zq2qg2",2016-05-17,PCAR,0
30,"50 Day Support https://t.co/XoVGP30zFl $STZ $HCN $SDS $SDOW $FAS $XLB $SPLK $IWD $KSU $SYF $LLTC $NAVI $CMI $TXN $PCAR $XLV $BLLVMW Ideas
See Here ---&gt; https://t.co/TRZqNJ9NXF

$VMW $PCAR $PNG #shareCYH EOD Data
See Here ---&gt; https://t.co/RmR0rU0obb

$CYH $WPPGY $PCAR #stockmarketPACCAR Inc $PCAR Given Consensus Recommendation of ‚ÄúHold‚Äù by Brokerages https://t.co/vLsxVSkraVPACCAR Inc $PCAR Given Consensus Recommendation of ‚ÄúHold‚Äù by Brokerages https://t.co/ztU651otjbPACCAR Inc $PCAR Position Held by Baker Boyer National Bank https://t.co/cdlnR9HFGwPACCAR Inc $PCAR Stake Increased by Capital Impact Advisors LLC https://t.co/qPTjavRbdCPACCAR Inc $PCAR Stake Increased by Capital Impact Advisors LLC https://t.co/c0ypajVO5QHeritage Investors Management Corp Buys 10,959 Shares of PACCAR Inc $PCAR https://t.co/EoXPDtk0EAPACCAR Inc $PCAR Position Lowered by Biltmore Wealth Management LLC https://t.co/Y73IInYMUrGlobal Industrial Analyst Kristine Kuback has a read on April Truck Data. $ALSN $CMI $PCAR $WAB  https://t.co/afbfOzaMKD$PCAR: PACCAR European unit to offer EUR300 mln of Fixed Rate Notes due 2019 https://t.co/ggHmpMsjso5 Revealing Quotes From #PACCAR Inc.'s CEO. Read more: https://t.co/OM2vCrTS8r $PCAR#PACCAR Paccar's hybrid trucks on hold until fuel prices climb again. Read more: https://t.co/yEyUsnkLN0 $PCAR#PACCAR Paccar's hybrid trucks on hold until fuel prices climb again. Read more: https://t.co/1b2Lb59u0H $PCARPCAR Ideas
See Here ---&gt; https://t.co/GiFW0mJdlN

$PCAR $YGE $SALT #pennystocksElder Blue https://t.co/J7TiPh7Azn $AMH $GLUU $PIR $ISIL $CCXI $KAR $BSMX $ACAS $TLRD $DNKN $PCAR $TXMD $ITW $BERY $CNO $UHS $AKAM$FLXR ON HIGH ALERT ~ HEARING SOME BIG NEWS COMING on MobileApp for the Mini-Fridge.. $OKE $PCAR $PGTI $SNN $TX $FB
https://t.co/aEmTVSupbw",2016-05-18,PCAR,0
31,"üèÜTODAY'S TOP BETS:
https://t.co/S19TP3PlUI
$STI $TTWO $NFLX $MPC $PCAR $CF https://t.co/g1fUAvjtmIStochastic OS https://t.co/Kojot0dSge $HRL $PCAR $VIPS $DRH $CMI $GNTX $ADSK $CCE $ETN $KIM $SHO $ABEV $SABR $QVCA $TCK $HSY $PEPScan results - Expansion Pivot Sell Setup today: $TTC $SSS $FTI $H $PYPL $PCAR $RACE $GPI $APO $QURE ... https://t.co/FFvI94w9lyRT @Unusual_Options: $JCI chart https://t.co/7kOlKjOdgD TMM Turned, but JUN 40 Put buyer Car Name, also saw $PCAR $KMX Put today too.Daimler cuts trucks outlook, drags down sector https://t.co/KeSe38edZB $DDAIF $PCAR $NAV $CNHIDaimler cuts trucks outlook, drags down sector https://t.co/wVThSi22Kb $DDAIF $PCAR $NAV $CNHIDaimler cuts trucks outlook, drags down sector https://t.co/2NHi3P1sB4 $DDAIF $PCAR $NAV $CNHIScan results - Fell Below 50 DMA today: $TTC $FTI $EW $IILG $PCAR $GPI $HCN $IQNT $AMTD $GS ... https://t.co/d0uG1lPjRRRT @bnkinvest: PACCAR Shares Cross Below 200 DMA $PCAR $SPHD #dividends https://t.co/QsYwjt0KX1#PACCAR Latest Kenworth features showcased in ride-and-drive event. Read more: https://t.co/dxOH2RdDXZ $PCARPACCAR Shares Cross Below 200 DMA $PCAR $SPHD #dividends https://t.co/QsYwjt0KX1$JCI chart https://t.co/7kOlKjOdgD TMM Turned, but JUN 40 Put buyer Car Name, also saw $PCAR $KMX Put today too.$PCAR Finally Some Movement European Price Fixing Charges$PCAR UNUSUAL Puts Activity1500 $PCAR Aug16 57.5 Calls $1.25 - STO at bid1230 $PCAR Aug16 50.0 Puts $1.85$PCAR 50 Puts BUYING Activity expiring on 19th Aug, Vol 1230#StockNews ‚Äï Daimler drags sector down after lowering truck sales guidance $DDAIF $PCAR $CNHI‚Ä¶ https://t.co/TvNOq1JLCA ‚Üí via @AlertTradeDaimler drags sector down after lowering truck sales guidance $DDAIF $PCAR $CNHI $NAV $CMI $ALSN: Full Story https://t.co/4TrDYy17ax#Bot Jun 55 Puts $PCARPCAR 52Wk Low
See Here ---&gt; https://t.co/qUUraEPQYD

$PCAR $ABB $XNET #pennystocksWondering about risks of $PCAR? The 63-day volatility is 12.7% https://t.co/xLPYoIcB5atoday was the short diversified machinery day! $CMI, $PCAR, $FLOW, i could go on and on$PCAR Finally Some Movement European Price Fixing ChargesPACCAR $PCAR Is Today's Roof Leaker Stock $PCAR https://t.co/cd5YXvq6mBmoar useless garbage, stocks r down and therez ""put sweeperz"", im gunna pay $225/month for hiz service $TSLA $PCAR https://t.co/SqKswbCri0RT @JohnSpall247: *DAIMLER TRUCKS SEES 2016 ONGOING EBIT `SIGNIFICANTLY LOWER' @HalftimeReport @jonnajarian @TheDomino $cmi $pcar $nav @Car‚Ä¶*DAIMLER TRUCKS SEES 2016 ONGOING EBIT `SIGNIFICANTLY LOWER' @HalftimeReport @jonnajarian @TheDomino $cmi $pcar $nav @Carl_C_Icahn$PCAR and $CMI puking their brains out @1simpletraderRT @OpenOutcrier: $PCAR $CMI Daimler making cautious comments about truck business (adding to $CMI Put Buyer mention on @CNBC by Najarians)RT @theflynews: Daimler AG: Daimler Trucks EBIT, unit sales now seen 'significantly' below 2015 $DDAIF $ALSN $CMI $PCAR: Full Story https:/‚Ä¶RT @WallStJesus: $PCAR JUNE PUT SWEEPER DETECTEDDaimler AG: Daimler Trucks EBIT, unit sales now seen 'significantly' below 2015 $DDAIF $ALSN $CMI $PCAR: Full Story https://t.co/XEmBQs7W4u$PCAR weird they bought sold bought sold hmm https://t.co/LD2kIJd6pm$PCAR $CMI Daimler making cautious comments about truck business (adding to $CMI Put Buyer mention on @CNBC by Najarians)$PCAR what's paccar?$PCAR: At/Below PivotS3[53.18],200DaySMA[-53.16]:25d, cl:-9, 3NearLo, PrvCLo, 3mMv:-3, 1mMv:-6, 6:4Accel-, allTFs-, ch:-3.7%$PCAR dip$PCAR Dumps with Jun 55 Put Buyers$PCAR JUNE PUT SWEEPER DETECTED$PCAR dump!!1828 $PCAR Jun16 55.0 Puts $2.22$PCAR 55 Puts BUYING Activity expiring on 17th Jun, Vol 1307KEX Last Trade
See Here ---&gt; https://t.co/j4DFqfbj1m

$KEX $AFMD $PCAR #invest$PCAR spell a jinx on $CMI $NAV. Wreckage on the sector.PACCAR hits a 1 month low https://t.co/ObuPj20hCt $PCAR #PACCAR https://t.co/VW1ijedYQ3$PCAR PACCAR Inc  Kurtosis:-1.31 Skew:-0.42 Correlation Histogram #bigdata https://t.co/batufADxrX$PCAR - SELL Signal at 55.22 on May 18, 16 By https://t.co/6PpjiKmc9G Trading Robot #Stockstowatch #Stockmarket #trading #trade #investingPACCAR Inc $PCAR Stake Lowered by IBM Retirement Fund https://t.co/loFIxPIqUVPCAR 52Wk Low
See Here ---&gt; https://t.co/ZbOlpSBK47

$PCAR $MNRO $FINL #stockmarket",2016-05-19,PCAR,1
32,"NR7-2 https://t.co/0D1kAdnVed $DLR $MNST $PAYX $CRZO $CENX $FAZ $COF $FOLD $CBI $BBVA $PCAR $ALK $ADP $ACWI $DFS $EWJ $FISFed Should Take Heed of Slump in Industrial Stocks https://t.co/cljLrOBlJX $FLR $GE $CNI $DE $CAT $PCARSAFT Company Info
See Here ---&gt; https://t.co/E4zdb0QsHA

$SAFT $PCAR $ELGX #stocksCrestPoint Capital Management LLC Invests $623,000 in PACCAR Inc $PCAR https://t.co/77ctbfR7InPCAR Short Sales
See Here ---&gt; https://t.co/1WWqFr5qrB

$PCAR $ADHD $EQIX #stock$PCAR: Analyst action by Argus Research on PACCAR: https://t.co/M1rT2oEKEf https://t.co/M8v9d0vUoDPACCAR hits a 1 month low https://t.co/ObuPj20hCt $PCAR #PACCAR https://t.co/5rKRu3Ya5hPACCAR Inc $PCAR Trading Down 3.5% https://t.co/iCDPae3o2eUMB Bank N A MO Raises Position in PACCAR Inc $PCAR https://t.co/xYVzntssrMPACCAR Inc $PCAR Trading Down 3.5% https://t.co/Kd1KITN1IzPACCAR Inc $PCAR Receives New Coverage from Analysts at Argus https://t.co/eENf283CFtPACCAR Inc $PCAR Receives New Coverage from Analysts at Argus https://t.co/yaaAW6qIaaRT @theflynews: Daimler drags sector down after lowering truck sales guidance $DDAIF $PCAR $CNHI $NAV $CMI $ALSN: Full Story https://t.co/4‚Ä¶QTMM Short Sales
See Here ---&gt; https://t.co/fCWD1w5qYC

$QTMM $PCAR $MTW #stocks",2016-05-23,PCAR,1
33,"DnB Asset Management AS Has $1,698,000 Position in PACCAR Inc $PCAR https://t.co/okGWZ43e6SDnB Asset Management AS Has $1,698,000 Position in PACCAR Inc $PCAR https://t.co/Qj0lzcEa8LOver Ichimoku https://t.co/OAbmqKjQ8y $TTWO $TTM $VIAV $TV $IQDF $ETN $HIG $PAYX $VEU $PCAR $CRUS $ADI $WYNN $RCL $ARMH $BIIB $WECPCAR Volume
See Here ---&gt; https://t.co/v2GL8ERzPi

$PCAR $CHUY $MIC #pennystocksPACCAR Inc $PCAR Coverage Initiated at Argus https://t.co/T1sGReNBCuOISHF Ex-Div Date
See Here ---&gt; https://t.co/weMV4kU0V6

$OISHF $PCAR $SDRL #investingRoyal London Asset Management Ltd. Sells 2,523 Shares of PACCAR Inc $PCAR https://t.co/StrOJDGlMP",2016-05-24,PCAR,1
34,"For 5 dollars up stocks and options 
$NE
$KO
$EPI
$DISCK
$DE
$PCAR
$RLJ
Nice bottomNasdaq100 #Stocks Performance $WDC $BBBY $STX $BIIB $PCAR $ORLY $ULTA $NFLX $DISH $INCY $ALXN $AMGN $DISCA  more@ https://t.co/YdSIjFJqHfNasdaq100 #Stocks Performance $WDC $BBBY $STX $ULTA $PCAR $ORLY $NFLX $DISH $DISCA $COST $MU $WFM $BIIB  more@ https://t.co/YdSIjFJqHf$PCAR: Analyst action by Argus Research on PACCAR: https://t.co/M1rT2oEKEf https://t.co/YPFWKvEmFoNasdaq100 #Stocks Performance $WDC $BBBY $PCAR $STX $WFM $NTAP $AAL $BIIB $ORLY $LRCX $CSCO $DISH $FOXA  more@ https://t.co/YdSIjG11yNRT @barronsonline: Why the #Fed should heed the slump in industrial stocks: https://t.co/jtRnujQZAS $FLR $GE $CAT $DE $PCAR $CNI via @mnkahnPACCAR Inc $PCAR Earns Hold Rating from Analysts at Argus https://t.co/tjq3Lc9RNJRT @barronsonline: Why the #Fed should heed the slump in industrial stocks: https://t.co/jtRnujQZAS $FLR $GE $CAT $DE $PCAR $CNI via @mnkahnbarronsonline: Why the #Fed should heed the slump in industrial stocks: https://t.co/x1dQzP5gXI $FLR $GE $CAT $DE $PCAR $CNI via mnkahnWhy the #Fed should heed the slump in industrial stocks: https://t.co/jtRnujQZAS $FLR $GE $CAT $DE $PCAR $CNI via @mnkahnSquarepoint Ops LLC Acquires New Stake in PACCAR Inc $PCAR https://t.co/x3wgZielkbSquarepoint Ops LLC Acquires New Stake in PACCAR Inc $PCAR https://t.co/N2mw9cjFtz",2016-05-25,PCAR,0
35,"Parabolic SAR Buy https://t.co/t52SMXdFDQ $SSNC $DRQ $WEC $GWR $ALE $RGLD $PCAR $IAC $SBUX $BNDX $PLKI $AGIO $SLGN $EWY $AEE $BEAV $HIWAHIX Exchange
See Here ---&gt; https://t.co/oDBhdTFxyY

$AHIX $PCAR $GPRO #pennystocksBest And Worst Q2'16: All Cap Value ETFs, Mutual Funds And Key Holdings https://t.co/EMXlNAAnXD $QUERX $PCAR $LAZ $CAXAX $IUSVBest And Worst Q2'16: All Cap Value ETFs, Mutual Funds And Key Holdings https://t.co/xM9rsDLxoN $QUERX $PCAR $LAZ $CAXAX $IUSVAEO Message Board Posts
See Here ---&gt; https://t.co/LsIPm99D6L

$AEO $DMTX $PCAR #financecreated a Transport sector watchlist: $CP $CHRW $PCAR $CSX lead today.  Just trucks and trains...no more planes for me...too many Airbus ;))Are Hedge Funds Losing Interest in Big Auto-Makers?
$GM, $F, $FCAU, $PCAR, $TSLA
https://t.co/k6DQJUxZHnAre Hedge Funds Losing Interest in Big Auto-Makers?
$GM, $F, $FCAU, $PCAR, $TSLA
https://t.co/hcRz0RtXmrCHUY Open
See Here ---&gt; https://t.co/NRtsPJCc8t

$CHUY $PSXP $PCAR #nasdaqCLNY Stock Forum
See Here ---&gt; https://t.co/YHY7Z0o5HQ

$CLNY $PCAR $SCO #investingADMS Prev Close
See Here ---&gt; https://t.co/vbYQn6BShH

$ADMS $HRT $PCAR #stockElder Green https://t.co/o0YGREXvBy $COG $GNTX $STJ $RICE $JOY $PTEN $EMR $BVN $CNP $TRGP $ETN $SHLD $PCAR $PDS $NUAN $TOT $STARRT @barronsonline: Why the #Fed should heed the slump in industrial stocks: https://t.co/jtRnujQZAS $FLR $GE $CAT $DE $PCAR $CNI via @mnkahn",2016-05-26,PCAR,1
36,"Daimler Trucks Slashes Outlook: Why Cummins Inc. and #PACCAR Inc. Need to Worry. Read more: https://t.co/86Oh8tfogz $PCAR50 Day Support https://t.co/gUdD8c1mPT $CTRP $MBLY $PAGP $DPS $VNQ $BLL $WPG $TSM $LULU $SPR $PCAR $AGI $WDR $ETN $SRC $SLW $UNXLDaimler Trucks Slashes Outlook: Why Cummins Inc. and #PACCAR Inc. Need to Worry. Read more: https://t.co/fMCUr85TMl $PCAR$PCAR:

New SEC Filing for PCAR: Form SD (No. 0001193125-16-608040):

https://t.co/HSFaZjkpoi https://t.co/WhA5wZJE9FINFU P/E Ratio
See Here ---&gt; https://t.co/a2s50pxfho

$INFU $GORO $PCAR #investingchartguy89: PCAR 55.63 Stock Charts $PCAR Paccar Inc. https://t.co/VqZaAqG3Yechartguy89: PCAR 55.63 Stock Charts $PCAR Paccar Inc. https://t.co/DFpTQ73n1k",2016-05-31,PCAR,0
37,"DMRC Company Info
See Here ---&gt; https://t.co/6Vd3iKnmSc

$DMRC $PCAR $CHMA #nasdaqTop 2 on the Transports watchlist..because only 2 finished in the green: $SWFT $CP The almost green 3 were $PCAR $CHRW $GBXCapstone Asset Management Co. Sells 470 Shares of PACCAR Inc $PCAR https://t.co/M1qeudJ32LBenzinga: JPMorgan Comments On April Class 8 Engine Factory Shipments Share Data $CMI $NAV $PCAR  https://t.co/r5nUWKEXnIBenzinga: JPMorgan Comments On April Class 8 Engine Factory Shipments Share Data $CMI $NAV $PCAR  https://t.co/YmbOAPuzN6JPMorgan Comments On April Class 8 Engine Factory Shipments Share Data $CMI $NAV $PCAR  https://t.co/rVJHwgT0BTCBMX Stock Forum
See Here ---&gt; https://t.co/jX6tBHSNny

$CBMX $PCAR $CACC #stockmarketAperio Group LLC Has $10,485,000 Stake in PACCAR Inc $PCAR https://t.co/m6Cl2xJZxWAperio Group LLC Has $10,485,000 Stake in PACCAR Inc $PCAR https://t.co/24F8hy11IhGDXJ Bid Size
See Here ---&gt; https://t.co/Zr5dLSufbK

$GDXJ $PCAR $CAI #stockmarketPACCAR Inc $PCAR Short Interest Update https://t.co/bO7PdZMgch",2016-06-01,PCAR,1
38,"50 Day Support https://t.co/BfZBmWnSSQ $PACB $BSBR $AXAS $EXAS $EWJ $CERN $NTAP $COH $MDRX $ZIOP $DUK $ETN $WIN $PCAR $AEP $AKS $BBG$PCAR hearing DowngradedTransports remain a confused bunch...along with their few buyers.  $RAIL $PCAR $WNC $CSX $NSC only gainers.  A sum of the parts...PACCAR Inc $PCAR Shares Bought by Boston Advisors LLC https://t.co/K5TMuCZYc9PM Bottom Losses:
$CONN -16.6%
$DV -12.0%
$IDT -10.8%
$BOX -8.2%
$OPTT -7.1%
$UWTI -6.8%
$CTLT -6.4%
$PCAR -5.9%50 Day Support https://t.co/MHJ9V4CtJ8 $XME $AKS $PCAR $GDXJ $NUE $SLB $RIG $SPR $IBN $PAH $CYS $TCK $AUY $KBH $WYNN $TXT $CWI",2016-06-02,PCAR,0
39,"COBI Quotes
See Here ---&gt; https://t.co/IWJdc18oPn

$COBI $TREE $PCAR #nasdaq$PCAR - BUY Signal at 55.82 on Jun 06, 16 By https://t.co/6PpjiKmc9G, Trading Robot#Stockstowatch #Stockmarket #trading #trade #investingHELE Stock Message Board
See Here ---&gt; https://t.co/0FkXWrJivl

$HELE $PCAR $ADMS #stocksJNUG Quotes
See Here ---&gt; https://t.co/xLNxS6idjK

$JNUG $PCAR $ENTA #tradeideasFriday‚Äôs Consumer Pops and Drops: UA, SJM, TTM, and PPC $PCAR $UA $TTM $SJM https://t.co/jijT2MrXnHLTXB Chart
See Here ---&gt; https://t.co/1vwcl9CvQO

$LTXB $PCAR $OAKS #financePCAR Company Info
See Here ---&gt; https://t.co/b8z3cRRKvC

$PCAR $RJF $HELE #nasdaqNavistar on the move ahead of earnings https://t.co/RkP0F0MhJY $NAV $CMI $PCARNavistar on the move ahead of earnings https://t.co/BqDmyXCdWS $NAV $CMI $PCARNavistar on the move ahead of earnings https://t.co/KKeDrqkuVm $NAV $CMI $PCARNavistar on the move ahead of earnings https://t.co/5gSUdIggii $NAV $CMI $PCARNasdaq100 #Stocks Performance $MYL $CTRP $WFM $TRIP $PCLN $VRTX $AKAM $PCAR $LBTYA $SBUX $GILD $YHOO $DISCA more@ https://t.co/YdSIjFJqHf$PCAR - SELL Signal at 54.885 on Jun 03, 16 By https://t.co/6PpjiKmc9G Trading Robot #Stockstowatch #Stockmarket #trading #trade #investingPACCAR (NASDAQ:PCAR) dips 2.40% to $54.90 on Goldman downgrade https://t.co/J8W3GVLuDV
$PCAR #manufacturing #automotive #stockmarket #NASD‚Ä¶PACCAR (NASDAQ:PCAR) dips 2.40% to $54.90 on Goldman downgrade https://t.co/BWT6ubWpIF
$PCAR #manufacturing #automotive #stockmarket #NASDAQ$PCAR:US Bristlecone Advisors LLC Buys 3,616 Shares of PACCAR Inc (PCAR) #PACCAR INC  https://t.co/UraWVMa1SI #SP500SPXS Silver Standard Resources, Inc. Message Board Posts
https://t.co/t9SCTlQ63P

$SPXS $NVDA $CVX $PCAR  #finance #investingPCAR Performance Sports Group Ltd Message Board Posts
https://t.co/3JV7LJosF8

$PCAR $FMI $K.TO $AW/UN.TO  #stock #stockmarketWARNING: $PCAR FEAR indicator (as seen by investors in News &amp; Social Media) enters alarm zone! https://t.co/3pGtErKhdRLB iShares iBoxx $ Investment Grade Corporate Bond ETF Dividend
https://t.co/tIvCYFTZkc

$LB $PCAR $DNR $GASL  #stocks #investPACCAR (NASDAQ:PCAR) dips 2.40% to $54.90 on Goldman downgrade https://t.co/J8W3GVLuDV
$PCAR #manufacturing #automotive #stockmarket #NASD‚Ä¶PACCAR (NASDAQ:PCAR) dips 2.40% to $54.90 on Goldman downgrade https://t.co/eBmw4WPXWP
$PCAR #manufacturing #automotive #stockmarket #NASD‚Ä¶PACCAR (NASDAQ:PCAR) dips 2.40% to $54.90 on Goldman downgrade https://t.co/BWT6ubWpIF
$PCAR #manufacturing #automotive #stockmarket #NASDAQGoldman Sachs Downgrades PACCAR Inc $PCAR to Neutral https://t.co/IuHAUszm53Goldman Sachs Downgrades PACCAR Inc $PCAR to Neutral https://t.co/5T6WF83niART @YamasutaTrader: $PCAR - SELL Signal at 54.885 on Jun 03, 16 By https://t.co/6PpjiKmc9G Trading Robot #Stockstowatch #Stockmarket #tradi‚Ä¶$PCAR - SELL Signal at 54.885 on Jun 03, 16 By https://t.co/6PpjiKmc9G Trading Robot #Stockstowatch #Stockmarket #trading #trade #investing",2016-06-06,PCAR,1
40,"Look to go long in $PCAR with a close above 56.40 on the daily. https://t.co/7jhdSvsaOz$PCAR Company PACCAR INC just submited new SEC filing https://t.co/dlM3aCqo9N #paccarNasdaq100 #Stocks Performance $WDC $AAL $TSLA $MU $STX $SWKS $PCLN $TMUS $PCAR $ATVI $MAT $CERN $DLTR $SBAC more@ https://t.co/YdSIjG11yNRT @STOCKSandCOMM: $PCAR https://t.co/xBDgnsTZNI Bearish CCI OpportunitieRT @STOCKSandCOMM: $PCAR https://t.co/xBDgnsTZNI Bearish CCI OpportunitiePACCAR Inc $PCAR Downgraded by Goldman Sachs https://t.co/h9UbZMUssVPACCAR Inc $PCAR Downgraded by Goldman Sachs https://t.co/zuIJ7cp50FStocks Tom Gayner Has Been Buying in the Last 2 Quarters $NSC $GOOG $MA $UTX $PCAR $ROK $PH $CMI $AAPL $MKL https://t.co/sJcOkq2zVCBlackRock Inc. Has $74,965,000 Stake in PACCAR Inc $PCAR https://t.co/IircoElSuV$PCAR - BlackRock Japan Co. Ltd Has $36,556,000 Position in PACCAR Inc #PCAR https://t.co/b4UJMrQ6sr$PCAR - BlackRock Japan Co. Ltd Has $36,556,000 Position in PACCAR Inc #PCAR https://t.co/mXKz0wDFEtPCAR Dividend
See Here ---&gt; https://t.co/BJzHWrvmhL

$PCAR $EDGW $JAZZ #investRNG Stock Message Board
See Here ---&gt; https://t.co/KIvYMtf4ty

$RNG $SPOK $PCAR #financeJBLU Investor Opinions
See Here ---&gt; https://t.co/G8IzHWbXhJ

$JBLU $TLRD $PCAR #stockmarketElder Green https://t.co/bXGth0Hstu $AMD $UWTI $SBUX $XOM $UCO $VIPS $SCTY $ATW $GNW $SYRG $BBBY $SPWR $SABR $CPE $PCAR $EWI $OCLR",2016-06-07,PCAR,1
41,"$PCAR:

New Insider Transaction on PCAR by Director:

https://t.co/ceMMpisHyX https://t.co/GEyflK2xjUPACCAR Inc. director just declared owning 5,000 shares of PACCAR Inc.  https://t.co/vEQPchr5G5 $PCARPACCAR Inc. director was just granted 92 restricted shares  https://t.co/Hd1zj2cKEj $PCARPACCAR Inc. director was just granted 30 restricted shares  https://t.co/2A65rAExBD $PCARMore Proof Of US Economic Weakness https://t.co/L1cug0HmOg $PCAR $DDAIF $DDAIYMore Proof Of US Economic Weakness https://t.co/I6jb00ATiR $PCAR $DDAIF $DDAIYMore Proof Of US Economic Weakness https://t.co/65h2w60nKZ $PCAR $DDAIF $DDAIYRT @LaMonicaBuzz: Nasdaq near 5K for 1st time since New Year's Eve. Tech rebound? Not exactly. $ULTA $PCAR $MAT $KHC among leaders. https:/‚Ä¶RT @LaMonicaBuzz: Nasdaq near 5K for 1st time since New Year's Eve. Tech rebound? Not exactly. $ULTA $PCAR $MAT $KHC among leaders. https:/‚Ä¶RT @LaMonicaBuzz: Nasdaq near 5K for 1st time since New Year's Eve. Tech rebound? Not exactly. $ULTA $PCAR $MAT $KHC among leaders. https:/‚Ä¶RT @LaMonicaBuzz: Nasdaq near 5K for 1st time since New Year's Eve. Tech rebound? Not exactly. $ULTA $PCAR $MAT $KHC among leaders. https:/‚Ä¶Nasdaq near 5K for 1st time since New Year's Eve. Tech rebound? Not exactly. $ULTA $PCAR $MAT $KHC among leaders. https://t.co/P4ADjxXVjJ$PCAR isn't unaffected by oil pricesS&amp;P500 #Stocks Trend $CHK $NUE $FTI $UNP $HCA $AA $DOV $CAT $CMI $NOV $PCAR $PHM $RIG $MDT $THC $DHI $NBL $SE  @ https://t.co/RPeaHBZz9yNasdaq100 #Stocks Trend $PCAR $TSLA $CERN $SBAC $CTXS $WFM $MYL $PCLN $DISH $TXN $LLTC $VRTX $TRIP $ULTA $EBAY  @ https://t.co/YdSIjG11yNNasdaq100 #Stocks Performance $CSX $ESRX $PCAR $BIIB $TSLA $GOOGL $LVNTA $CTSH $YHOO $SYMC $TXN $INCY $CHTR more@ https://t.co/YdSIjG11yN",2016-06-08,PCAR,0
42,"Stochastic OB https://t.co/K5lze4m3MT $IYR $DLPH $TJX $IAU $CUZ $CPE $PCAR $IRM $SRC $BAX $FCS $AAP $ARCO $MDCO $CENT $SFL $PPTAXDX Financials
See Here ---&gt; https://t.co/rGXhbng4Cp

$AXDX $PCAR $MG #stocksMore Proof Of U.S. Economic Weakness https://t.co/qyci6SiiUC $PCAR $DDAIF $DDAIYSSRI EOD Data
See Here ---&gt; https://t.co/xPTzskIfO4

$SSRI $HLF $PCAR #stockCRAI Stock Forum
See Here ---&gt; https://t.co/wIE8JDmjGH

$CRAI $PCAR $JCP #financeRT @LaMonicaBuzz: Nasdaq near 5K for 1st time since New Year's Eve. Tech rebound? Not exactly. $ULTA $PCAR $MAT $KHC among leaders. https:/‚Ä¶RT @LaMonicaBuzz: Nasdaq near 5K for 1st time since New Year's Eve. Tech rebound? Not exactly. $ULTA $PCAR $MAT $KHC among leaders. https:/‚Ä¶PCAR Dividend
See Here ---&gt; https://t.co/okOfOWqgwI

$PCAR $CERU $BID #pennystocksINFO: $PCAR SENTIMENT indicator (as seen by investors in News &amp; Social Media)  shows very negative perception. https://t.co/aEsqSuQf56BlackRock Institutional Trust Company N.A. Has $609,427,000 Stake in PACCAR Inc $PCAR https://t.co/HFKVWtPvA4BlackRock Institutional Trust Company N.A. Has $609,427,000 Stake in PACCAR Inc $PCAR https://t.co/GbrFrYznjVNasdaq100 #Stocks Performance $CSX $HSIC $GOOGL $CTSH $ESRX $TSLA $ISRG $CTXS $PCAR $MNST $YHOO $MXIM $SYMC more@ https://t.co/YdSIjG11yNAPC Quotes
See Here ---&gt; https://t.co/wcbXlGMUoc

$APC $ECA $PCAR #financeCCI Over 100 https://t.co/Rhgky3mK34 $ISRG $SHW $AYI $GWW $JNUG $VDC $MUB $GVI $NUGT $BRZU $VOX $KOF $ABC $VFC $BCPC $JBT $PCAR",2016-06-09,PCAR,0
43,"10 Most Undervalued Companies for the Defensive Investor  $EMN $FMC $GPS $PFG $TRV $WFC $PCAR $YHOO $FOXA $WRK https://t.co/oxPEAqVFuV$PCAR,List:Coming out of Bull Trend,Quote:54.7,Change:-0.19,Target:42.0Large Put Trades https://t.co/skh9hIGltX $VXX $KR $PCAR $FLR $ABX $HAL $JD $GGP $GDX $FTR $JCI $SRPT $FSLR $V $HES $DAL $MYLRT @ModernGraham: 10 Most Undervalued Companies for the Defensive Investor  $EMN $FMC $GPS $PFG $TRV $WFC $PCAR $YHOO $FOXA $WRK https://t.‚Ä¶PCAR Last Trade
See Here ---&gt; https://t.co/USiQpWpoFc

$PCAR $ING $TWC #investing10 Most Undervalued Companies for the Defensive Investor  $EMN $FMC $GPS $PFG $TRV $WFC $PCAR $YHOO $FOXA $WRK https://t.co/t0ZsO5wLOw10 Most Undervalued Companies for the Defensive Investor  $EMN $FMC $GPS $PFG $TRV $WFC $PCAR $YHOO $FOXA $WRK https://t.co/Imei1KDKtiUnusually heavy option volume on today's open include $R, $PCAR, $GWW, $AVB, and $KR.OpenOutcrier: $PCAR Jun 55 Puts rolled out to Jul 52.5 Puts 2500x for $0.15Btw, Estimated #Earnings Per Share for $PCAR is $0.98 it's 1.79% of the current price https://t.co/4B3ZKCGXEQ$PCAR UNUSUAL Puts Activity$PCAR Jun 55 Puts rolled out to Jul 52.5 Puts 2500x for $0.15$PCAR 52.5 Puts BUYING Activity expiring on 15th Jul, Vol 2403$PCAR 55 Puts SELLING Activity expiring on 17th Jun, Vol 2500PACCAR Inc $PCAR Position Increased by Landscape Capital Management L.L.C. https://t.co/fiCmaDdO0NNVDA Volume
See Here ---&gt; https://t.co/Gd6Wu7josA

$NVDA $BETS $PCAR #financeSwing Buy Candidates: $MRK, $MXL, $OAS, $ON, $PBCT, $PCAR, $SPLK, $SWC, $TDC, $TDG, $TMO, $WIN https://t.co/ag9zpWDvXw",2016-06-13,PCAR,0
44,"$CMI $PCAR $WBC:

Cummins: Hold Off, Lower Entry Point May Be Coming Soon:

https://t.co/ivbjwzF1dO$PCAR:US PACCAR Inc (PCAR) Stake Reduced by Sentry Investment Management LLC #PACCAR INC  https://t.co/HKenrgH9nC #NASDAQPGEI Filings
See Here ---&gt; https://t.co/Tqtn3GJs1k

$PGEI $PCAR $SALT #pennystocksWDAY Stock Forum
See Here ---&gt; https://t.co/X42Zw2aAZC

$WDAY $ESS $PCAR #financeNikola Motors discloses $2.3B in EV truck orders https://t.co/Lu79YPz2A1 $NAV $PCAR $GELYF $DDAIFNikola Motors discloses $2.3B in EV truck orders https://t.co/kDoZckBWbw $NAV $PCAR $GELYF $DDAIFNikola Motors discloses $2.3B in EV truck orders https://t.co/YPtEJRF5OP $NAV $PCAR $GELYF $DDAIFNikola Motors discloses $2.3B in EV truck orders https://t.co/vC41siGM43 $NAV $PCAR $GELYF $DDAIF$PCAR,List:Coming out of Bull Trend,Quote:53.67,Change:-0.88,Target:42.0Bought $PCAR 52.5 July Puts for 1.15Advisor Partners LLC Acquires Shares of 5,516 PACCAR Inc $PCAR https://t.co/oRF98zayT9PACCAR Inc $PCAR Stake Cut by Fiduciary Management Inc. WI https://t.co/4xbxjsCSFU10 Most Undervalued Companies for the Defensive Investor  $EMN $FMC $GPS $PFG $TRV $WFC $PCAR $YHOO $FOXA $WRK https://t.co/Imei1KDKti",2016-06-14,PCAR,0
45,"$PCAR - SELL Signal at 54.11 on Jun 14, 16 By https://t.co/6PpjiKmc9G Trading Robot #Stockstowatch #Stockmarket #trading #trade #investingCummins: Hold Off, Lower Entry Point May Be Coming Soon https://t.co/bBGt4pd4Zv ‚Ä¶ $KMTUY $PCAR $CMI https://t.co/Y203kle8w8",2016-06-15,PCAR,1
